timestamp,corridor_id,baseline_volume,travel_delay_index,weather,road_type,location_zone
2026-08-01 00:00:00,Challenge,502,1.318617194744093,Clear,Urban,Central
2026-08-01 00:00:00,Iwo Road,420,1.0624074561769745,Clear,Highway,East
2026-08-01 00:00:00,Bodija,487,1.1334834444556088,Clear,Urban,West
2026-08-01 00:00:00,Ojoo,708,1.3879639408647977,Rain,Urban,North
2026-08-01 00:00:00,Mokola,591,1.396884623716487,Clear,Urban,South
2026-08-01 01:00:00,Challenge,652,1.1727780074568463,Clear,Urban,Central
2026-08-01 01:00:00,Iwo Road,1081,1.0186662652854461,Heavy Rain,Urban,East
2026-08-01 01:00:00,Bodija,1086,1.247354403733235,Clear,Junction,West
2026-08-01 01:00:00,Ojoo,904,1.018580165087999,Clear,Highway,North
2026-08-01 01:00:00,Mokola,566,1.0053059844639467,Rain,Urban,South
2026-08-01 02:00:00,Challenge,1176,1.0063865008880857,Clear,Urban,Central
2026-08-01 02:00:00,Iwo Road,854,1.2439986631130484,Rain,Highway,East
2026-08-01 02:00:00,Bodija,480,1.1035119926400068,Clear,Urban,West
2026-08-01 02:00:00,Ojoo,789,1.0831766651472754,Clear,Highway,North
2026-08-01 02:00:00,Mokola,801,1.3100531293444457,Rain,Urban,South
2026-08-01 03:00:00,Challenge,669,1.2909087983425682,Clear,Urban,Central
2026-08-01 03:00:00,Iwo Road,651,1.0180909155642153,Clear,Urban,East
2026-08-01 03:00:00,Bodija,737,1.2158768529556319,Clear,Junction,West
2026-08-01 03:00:00,Ojoo,587,1.2170784332632993,Clear,Urban,North
2026-08-01 03:00:00,Mokola,464,1.0062545626964776,Clear,Urban,South
2026-08-01 04:00:00,Challenge,1047,1.002208846849441,Rain,Urban,Central
2026-08-01 04:00:00,Iwo Road,1074,1.3160702162124822,Clear,Junction,East
2026-08-01 04:00:00,Bodija,440,1.3659838702175122,Rain,Urban,West
2026-08-01 04:00:00,Ojoo,432,1.0254233401144095,Clear,Urban,North
2026-08-01 04:00:00,Mokola,498,1.2365191150830908,Clear,Urban,South
2026-08-01 05:00:00,Challenge,1138,1.0478376983753206,Clear,Urban,Central
2026-08-01 05:00:00,Iwo Road,617,1.0943939678995822,Clear,Highway,East
2026-08-01 05:00:00,Bodija,606,1.1710164073434197,Clear,Highway,West
2026-08-01 05:00:00,Ojoo,974,1.3583054382694077,Clear,Urban,North
2026-08-01 05:00:00,Mokola,1133,1.0557325817623502,Clear,Urban,South
2026-08-01 06:00:00,Challenge,940,1.091519266196649,Clear,Urban,Central
2026-08-01 06:00:00,Iwo Road,485,1.352187135606103,Clear,Urban,East
2026-08-01 06:00:00,Bodija,1045,1.182613828193164,Clear,Urban,West
2026-08-01 06:00:00,Ojoo,730,1.1297380084021096,Clear,Urban,North
2026-08-01 06:00:00,Mokola,589,1.0440207698110706,Clear,Urban,South
2026-08-01 07:00:00,Challenge,2127,1.9173119707007522,Clear,Highway,Central
2026-08-01 07:00:00,Iwo Road,1910,1.975669902833901,Clear,Highway,East
2026-08-01 07:00:00,Bodija,2183,1.8197129700229968,Clear,Urban,West
2026-08-01 07:00:00,Ojoo,1971,2.2327170630056603,Clear,Junction,North
2026-08-01 07:00:00,Mokola,2063,1.8221884565547413,Clear,Urban,South
2026-08-01 08:00:00,Challenge,2112,1.856356444939721,Clear,Urban,Central
2026-08-01 08:00:00,Iwo Road,2141,1.9699333119864082,Clear,Urban,East
2026-08-01 08:00:00,Bodija,1884,1.8156057016002753,Clear,Urban,West
2026-08-01 08:00:00,Ojoo,2171,2.0976037801641954,Clear,Highway,North
2026-08-01 08:00:00,Mokola,1683,1.8138737895931598,Clear,Urban,South
2026-08-01 09:00:00,Challenge,2383,2.485080826805359,Clear,Urban,Central
2026-08-01 09:00:00,Iwo Road,1643,2.3517722460303143,Clear,Highway,East
2026-08-01 09:00:00,Bodija,1848,2.372522924332348,Clear,Urban,West
2026-08-01 09:00:00,Ojoo,1845,2.060883752469353,Clear,Urban,North
2026-08-01 09:00:00,Mokola,2319,2.4464709380406435,Clear,Urban,South
2026-08-01 10:00:00,Challenge,1040,1.2702760468157122,Clear,Urban,Central
2026-08-01 10:00:00,Iwo Road,814,1.3509357413523924,Clear,Urban,East
2026-08-01 10:00:00,Bodija,745,1.3928673373317741,Clear,Urban,West
2026-08-01 10:00:00,Ojoo,703,1.3861677405155173,Clear,Urban,North
2026-08-01 10:00:00,Mokola,408,1.1115485410368726,Clear,Urban,South
2026-08-01 11:00:00,Challenge,803,1.3548345697060469,Rain,Urban,Central
2026-08-01 11:00:00,Iwo Road,986,1.374253997688379,Rain,Urban,East
2026-08-01 11:00:00,Bodija,653,1.0036788206466518,Clear,Urban,West
2026-08-01 11:00:00,Ojoo,737,1.1942455014344906,Clear,Junction,North
2026-08-01 11:00:00,Mokola,560,1.0072301454462083,Clear,Highway,South
2026-08-01 12:00:00,Challenge,903,1.2598531596188858,Rain,Urban,Central
2026-08-01 12:00:00,Iwo Road,432,1.2170160922219597,Clear,Urban,East
2026-08-01 12:00:00,Bodija,421,1.0975958573516333,Heavy Rain,Urban,West
2026-08-01 12:00:00,Ojoo,837,1.3624395150874216,Clear,Urban,North
2026-08-01 12:00:00,Mokola,1008,1.2307615538505436,Clear,Highway,South
2026-08-01 13:00:00,Challenge,1058,1.2288016796836732,Rain,Highway,Central
2026-08-01 13:00:00,Iwo Road,571,1.3761834337411656,Heavy Rain,Junction,East
2026-08-01 13:00:00,Bodija,498,1.2990875095589656,Heavy Rain,Urban,West
2026-08-01 13:00:00,Ojoo,701,1.3866619276174679,Heavy Rain,Urban,North
2026-08-01 13:00:00,Mokola,590,1.1222788077148727,Clear,Urban,South
2026-08-01 14:00:00,Challenge,722,1.067797098674437,Clear,Junction,Central
2026-08-01 14:00:00,Iwo Road,969,1.3720067339243327,Clear,Urban,East
2026-08-01 14:00:00,Bodija,1062,1.0560336060946096,Clear,Urban,West
2026-08-01 14:00:00,Ojoo,1184,1.3394679179698696,Clear,Urban,North
2026-08-01 14:00:00,Mokola,438,1.1174367377057974,Rain,Urban,South
2026-08-01 15:00:00,Challenge,807,1.3652962210225885,Clear,Urban,Central
2026-08-01 15:00:00,Iwo Road,1084,1.0777095814048168,Clear,Urban,East
2026-08-01 15:00:00,Bodija,1053,1.3560021367270265,Clear,Urban,West
2026-08-01 15:00:00,Ojoo,1199,1.2313120563984696,Clear,Urban,North
2026-08-01 15:00:00,Mokola,974,1.3927363553242125,Rain,Urban,South
2026-08-01 16:00:00,Challenge,1804,1.633613369874293,Rain,Urban,Central
2026-08-01 16:00:00,Iwo Road,1943,1.893986117616437,Rain,Urban,East
2026-08-01 16:00:00,Bodija,2119,2.1606014282371,Clear,Highway,West
2026-08-01 16:00:00,Ojoo,2383,1.9702185145510107,Clear,Highway,North
2026-08-01 16:00:00,Mokola,2155,2.478266871516281,Clear,Urban,South
2026-08-01 17:00:00,Challenge,2156,1.9589388113003152,Clear,Urban,Central
2026-08-01 17:00:00,Iwo Road,1845,1.622815669073912,Heavy Rain,Urban,East
2026-08-01 17:00:00,Bodija,1892,2.2196499106888297,Clear,Junction,West
2026-08-01 17:00:00,Ojoo,2250,1.8252186083481359,Clear,Urban,North
2026-08-01 17:00:00,Mokola,1987,2.441152597605739,Clear,Urban,South
2026-08-01 18:00:00,Challenge,2203,2.098918647260261,Clear,Urban,Central
2026-08-01 18:00:00,Iwo Road,1575,2.109433489444669,Clear,Highway,East
2026-08-01 18:00:00,Bodija,1784,1.7044653764562248,Clear,Highway,West
2026-08-01 18:00:00,Ojoo,2249,2.481559475759358,Clear,Highway,North
2026-08-01 18:00:00,Mokola,1973,2.0424542876051492,Clear,Highway,South
2026-08-01 19:00:00,Challenge,2233,2.184796314378487,Clear,Junction,Central
2026-08-01 19:00:00,Iwo Road,1599,1.6407736087948401,Clear,Urban,East
2026-08-01 19:00:00,Bodija,1941,2.0509358955237333,Clear,Urban,West
2026-08-01 19:00:00,Ojoo,1515,1.663511872660387,Clear,Highway,North
2026-08-01 19:00:00,Mokola,2395,2.1727632377014103,Rain,Urban,South
2026-08-01 20:00:00,Challenge,1074,1.257315287376941,Clear,Urban,Central
2026-08-01 20:00:00,Iwo Road,1012,1.2503758680406292,Rain,Urban,East
2026-08-01 20:00:00,Bodija,442,1.0783164539157186,Clear,Highway,West
2026-08-01 20:00:00,Ojoo,652,1.0377771843023713,Clear,Highway,North
2026-08-01 20:00:00,Mokola,1175,1.154158648386226,Clear,Urban,South
2026-08-01 21:00:00,Challenge,514,1.11274190990936,Clear,Urban,Central
2026-08-01 21:00:00,Iwo Road,892,1.3746592607422827,Clear,Urban,East
2026-08-01 21:00:00,Bodija,1160,1.219188753299235,Clear,Urban,West
2026-08-01 21:00:00,Ojoo,1138,1.396202056800269,Clear,Urban,North
2026-08-01 21:00:00,Mokola,495,1.1363214161012072,Rain,Urban,South
2026-08-01 22:00:00,Challenge,768,1.2719379119600982,Clear,Urban,Central
2026-08-01 22:00:00,Iwo Road,1197,1.3610211626718267,Clear,Urban,East
2026-08-01 22:00:00,Bodija,741,1.1190540698037243,Clear,Highway,West
2026-08-01 22:00:00,Ojoo,844,1.3621527905677053,Clear,Urban,North
2026-08-01 22:00:00,Mokola,1117,1.2707079617697212,Clear,Urban,South
2026-08-01 23:00:00,Challenge,543,1.1793782087913278,Clear,Urban,Central
2026-08-01 23:00:00,Iwo Road,868,1.300949811775072,Rain,Urban,East
2026-08-01 23:00:00,Bodija,508,1.372371642274917,Heavy Rain,Junction,West
2026-08-01 23:00:00,Ojoo,1033,1.1766122005493507,Rain,Urban,North
2026-08-01 23:00:00,Mokola,1057,1.387460777589654,Clear,Urban,South
2026-08-02 00:00:00,Challenge,652,1.3353923055055938,Clear,Urban,Central
2026-08-02 00:00:00,Iwo Road,792,1.3287440237161423,Clear,Highway,East
2026-08-02 00:00:00,Bodija,564,1.0932912289698111,Clear,Urban,West
2026-08-02 00:00:00,Ojoo,741,1.325119826903001,Rain,Junction,North
2026-08-02 00:00:00,Mokola,531,1.1400872986801254,Clear,Urban,South
2026-08-02 01:00:00,Challenge,581,1.282033745718664,Clear,Urban,Central
2026-08-02 01:00:00,Iwo Road,525,1.1970500417163437,Clear,Urban,East
2026-08-02 01:00:00,Bodija,457,1.2963895443642672,Rain,Urban,West
2026-08-02 01:00:00,Ojoo,400,1.2724157708387636,Clear,Urban,North
2026-08-02 01:00:00,Mokola,907,1.1142848345127443,Rain,Urban,South
2026-08-02 02:00:00,Challenge,533,1.3208436996106936,Heavy Rain,Urban,Central
2026-08-02 02:00:00,Iwo Road,548,1.017360313319269,Rain,Junction,East
2026-08-02 02:00:00,Bodija,1075,1.2215417137605282,Heavy Rain,Urban,West
2026-08-02 02:00:00,Ojoo,632,1.0867236426345965,Clear,Junction,North
2026-08-02 02:00:00,Mokola,965,1.2337257247692401,Rain,Highway,South
2026-08-02 03:00:00,Challenge,411,1.3834809629631384,Clear,Urban,Central
2026-08-02 03:00:00,Iwo Road,807,1.2480530391206146,Clear,Highway,East
2026-08-02 03:00:00,Bodija,489,1.1553073535959488,Clear,Urban,West
2026-08-02 03:00:00,Ojoo,440,1.1039799451417052,Clear,Highway,North
2026-08-02 03:00:00,Mokola,600,1.123811046514531,Rain,Urban,South
2026-08-02 04:00:00,Challenge,957,1.0304801518396653,Rain,Urban,Central
2026-08-02 04:00:00,Iwo Road,1108,1.245366078374316,Clear,Junction,East
2026-08-02 04:00:00,Bodija,641,1.220635149017628,Clear,Urban,West
2026-08-02 04:00:00,Ojoo,773,1.324221332312733,Heavy Rain,Highway,North
2026-08-02 04:00:00,Mokola,681,1.1523563426524086,Heavy Rain,Urban,South
2026-08-02 05:00:00,Challenge,860,1.0254047318360004,Clear,Highway,Central
2026-08-02 05:00:00,Iwo Road,804,1.022550198660371,Rain,Urban,East
2026-08-02 05:00:00,Bodija,1044,1.3986547348295622,Clear,Urban,West
2026-08-02 05:00:00,Ojoo,1076,1.3028324808169822,Clear,Urban,North
2026-08-02 05:00:00,Mokola,856,1.051663766060598,Heavy Rain,Urban,South
2026-08-02 06:00:00,Challenge,845,1.3512882669916768,Rain,Highway,Central
2026-08-02 06:00:00,Iwo Road,494,1.0454230368798516,Clear,Urban,East
2026-08-02 06:00:00,Bodija,517,1.3325485960250005,Clear,Urban,West
2026-08-02 06:00:00,Ojoo,635,1.2243751886141545,Rain,Urban,North
2026-08-02 06:00:00,Mokola,1023,1.19201838680739,Clear,Urban,South
2026-08-02 07:00:00,Challenge,2409,2.2336717912893014,Clear,Highway,Central
2026-08-02 07:00:00,Iwo Road,2263,2.48241645258314,Clear,Urban,East
2026-08-02 07:00:00,Bodija,1834,1.993727429821356,Rain,Urban,West
2026-08-02 07:00:00,Ojoo,1665,2.005819402674494,Rain,Urban,North
2026-08-02 07:00:00,Mokola,1605,2.3761273378720706,Rain,Highway,South
2026-08-02 08:00:00,Challenge,1683,2.3578822735168385,Rain,Highway,Central
2026-08-02 08:00:00,Iwo Road,1568,2.4820293177569295,Clear,Urban,East
2026-08-02 08:00:00,Bodija,2246,2.1216849410245646,Clear,Urban,West
2026-08-02 08:00:00,Ojoo,2162,1.7152412550619953,Clear,Highway,North
2026-08-02 08:00:00,Mokola,2019,1.7620605451143687,Clear,Urban,South
2026-08-02 09:00:00,Challenge,2363,2.026565476236585,Clear,Highway,Central
2026-08-02 09:00:00,Iwo Road,2133,1.8014641593156886,Rain,Urban,East
2026-08-02 09:00:00,Bodija,2181,1.7593094358490722,Clear,Highway,West
2026-08-02 09:00:00,Ojoo,1732,1.9203923358447876,Rain,Highway,North
2026-08-02 09:00:00,Mokola,2229,2.221355345766429,Clear,Urban,South
2026-08-02 10:00:00,Challenge,520,1.275113886838433,Clear,Highway,Central
2026-08-02 10:00:00,Iwo Road,447,1.0244311839419455,Clear,Urban,East
2026-08-02 10:00:00,Bodija,1024,1.238911232902172,Heavy Rain,Urban,West
2026-08-02 10:00:00,Ojoo,455,1.1938091940764084,Clear,Urban,North
2026-08-02 10:00:00,Mokola,615,1.2882064245565858,Clear,Highway,South
2026-08-02 11:00:00,Challenge,406,1.2748662021613324,Rain,Urban,Central
2026-08-02 11:00:00,Iwo Road,907,1.0428688045359105,Clear,Urban,East
2026-08-02 11:00:00,Bodija,414,1.0419476666129923,Clear,Highway,West
2026-08-02 11:00:00,Ojoo,438,1.1288316662332714,Clear,Urban,North
2026-08-02 11:00:00,Mokola,936,1.3562109122959578,Clear,Urban,South
2026-08-02 12:00:00,Challenge,466,1.2595291361166303,Clear,Urban,Central
2026-08-02 12:00:00,Iwo Road,869,1.2347364472083515,Clear,Urban,East
2026-08-02 12:00:00,Bodija,994,1.1515090503805157,Clear,Urban,West
2026-08-02 12:00:00,Ojoo,719,1.2283113218675648,Clear,Junction,North
2026-08-02 12:00:00,Mokola,1140,1.3734767295039498,Clear,Urban,South
2026-08-02 13:00:00,Challenge,981,1.0983830913538033,Clear,Highway,Central
2026-08-02 13:00:00,Iwo Road,749,1.0693494381179018,Rain,Highway,East
2026-08-02 13:00:00,Bodija,642,1.0072969925713444,Clear,Junction,West
2026-08-02 13:00:00,Ojoo,405,1.1591422396182967,Heavy Rain,Urban,North
2026-08-02 13:00:00,Mokola,1045,1.390026865178057,Clear,Urban,South
2026-08-02 14:00:00,Challenge,973,1.3717503956510342,Clear,Urban,Central
2026-08-02 14:00:00,Iwo Road,834,1.3354330234810499,Clear,Junction,East
2026-08-02 14:00:00,Bodija,1186,1.079802770935328,Clear,Urban,West
2026-08-02 14:00:00,Ojoo,400,1.244248016976653,Clear,Urban,North
2026-08-02 14:00:00,Mokola,538,1.3728057369027735,Clear,Urban,South
2026-08-02 15:00:00,Challenge,1089,1.1817071888876398,Clear,Urban,Central
2026-08-02 15:00:00,Iwo Road,412,1.2738286191519332,Clear,Highway,East
2026-08-02 15:00:00,Bodija,728,1.3040911439558744,Clear,Urban,West
2026-08-02 15:00:00,Ojoo,818,1.1395473066171982,Rain,Urban,North
2026-08-02 15:00:00,Mokola,635,1.1634073171743666,Rain,Junction,South
2026-08-02 16:00:00,Challenge,2429,1.7631097595490943,Clear,Urban,Central
2026-08-02 16:00:00,Iwo Road,2417,1.643285179567679,Rain,Urban,East
2026-08-02 16:00:00,Bodija,1728,1.78146458804297,Clear,Highway,West
2026-08-02 16:00:00,Ojoo,1504,1.8121225714584999,Clear,Junction,North
2026-08-02 16:00:00,Mokola,2100,2.3894804867317974,Clear,Urban,South
2026-08-02 17:00:00,Challenge,1794,2.2424042093697936,Rain,Urban,Central
2026-08-02 17:00:00,Iwo Road,2364,2.272848442158626,Clear,Urban,East
2026-08-02 17:00:00,Bodija,1724,1.952333899181352,Clear,Highway,West
2026-08-02 17:00:00,Ojoo,1603,2.161814196322593,Clear,Junction,North
2026-08-02 17:00:00,Mokola,1890,2.2574942231283712,Clear,Highway,South
2026-08-02 18:00:00,Challenge,2122,2.1580654803356625,Clear,Urban,Central
2026-08-02 18:00:00,Iwo Road,1919,2.497923354331459,Rain,Urban,East
2026-08-02 18:00:00,Bodija,1910,2.269551663315409,Clear,Urban,West
2026-08-02 18:00:00,Ojoo,2021,2.0445833384177763,Rain,Highway,North
2026-08-02 18:00:00,Mokola,2408,1.6995685632596866,Rain,Highway,South
2026-08-02 19:00:00,Challenge,2195,2.0520595127162773,Clear,Urban,Central
2026-08-02 19:00:00,Iwo Road,1823,2.25002731155376,Clear,Urban,East
2026-08-02 19:00:00,Bodija,2254,2.1089575125906768,Clear,Urban,West
2026-08-02 19:00:00,Ojoo,2159,1.7634379451212832,Rain,Urban,North
2026-08-02 19:00:00,Mokola,2211,1.9812371761784346,Clear,Urban,South
2026-08-02 20:00:00,Challenge,617,1.2344919328067188,Clear,Urban,Central
2026-08-02 20:00:00,Iwo Road,1022,1.2904382344249603,Clear,Highway,East
2026-08-02 20:00:00,Bodija,723,1.3160338548496346,Clear,Urban,West
2026-08-02 20:00:00,Ojoo,1003,1.1497741478881687,Clear,Highway,North
2026-08-02 20:00:00,Mokola,861,1.373746805907606,Rain,Urban,South
2026-08-02 21:00:00,Challenge,1012,1.3939364795849336,Rain,Highway,Central
2026-08-02 21:00:00,Iwo Road,400,1.3479585448248512,Clear,Urban,East
2026-08-02 21:00:00,Bodija,1060,1.1517222793542194,Clear,Urban,West
2026-08-02 21:00:00,Ojoo,712,1.001852809201841,Clear,Urban,North
2026-08-02 21:00:00,Mokola,936,1.3454072562451826,Rain,Urban,South
2026-08-02 22:00:00,Challenge,874,1.2950004992438993,Clear,Urban,Central
2026-08-02 22:00:00,Iwo Road,1162,1.05634280815192,Clear,Urban,East
2026-08-02 22:00:00,Bodija,1109,1.013551664098638,Clear,Urban,West
2026-08-02 22:00:00,Ojoo,1061,1.0880388856324388,Clear,Urban,North
2026-08-02 22:00:00,Mokola,483,1.1835955952068051,Clear,Urban,South
2026-08-02 23:00:00,Challenge,462,1.398749700738379,Clear,Urban,Central
2026-08-02 23:00:00,Iwo Road,540,1.158927246183039,Clear,Urban,East
2026-08-02 23:00:00,Bodija,717,1.0820558561928029,Clear,Highway,West
2026-08-02 23:00:00,Ojoo,685,1.334625925316933,Clear,Urban,North
2026-08-02 23:00:00,Mokola,770,1.181315533899211,Clear,Urban,South
2026-08-03 00:00:00,Challenge,513,1.1988047795284995,Rain,Highway,Central
2026-08-03 00:00:00,Iwo Road,663,1.3447142484054069,Rain,Urban,East
2026-08-03 00:00:00,Bodija,857,1.3589721639275536,Clear,Urban,West
2026-08-03 00:00:00,Ojoo,454,1.0624610389464761,Clear,Urban,North
2026-08-03 00:00:00,Mokola,712,1.0887888647731798,Clear,Urban,South
2026-08-03 01:00:00,Challenge,727,1.0416434327938295,Rain,Highway,Central
2026-08-03 01:00:00,Iwo Road,1008,1.2226886339133465,Clear,Urban,East
2026-08-03 01:00:00,Bodija,487,1.2889067727422636,Rain,Urban,West
2026-08-03 01:00:00,Ojoo,851,1.3777638902309093,Clear,Urban,North
2026-08-03 01:00:00,Mokola,406,1.2532963099643841,Clear,Urban,South
2026-08-03 02:00:00,Challenge,1023,1.072574174035919,Clear,Urban,Central
2026-08-03 02:00:00,Iwo Road,913,1.3642496014161214,Clear,Urban,East
2026-08-03 02:00:00,Bodija,785,1.1452236848780362,Clear,Urban,West
2026-08-03 02:00:00,Ojoo,655,1.220818872340792,Clear,Urban,North
2026-08-03 02:00:00,Mokola,899,1.3898189060795478,Rain,Highway,South
2026-08-03 03:00:00,Challenge,557,1.1949724792998053,Rain,Urban,Central
2026-08-03 03:00:00,Iwo Road,1120,1.1939113468601383,Clear,Urban,East
2026-08-03 03:00:00,Bodija,636,1.1610200174387921,Clear,Urban,West
2026-08-03 03:00:00,Ojoo,893,1.3937608722814208,Clear,Highway,North
2026-08-03 03:00:00,Mokola,1126,1.2732735425781925,Rain,Urban,South
2026-08-03 04:00:00,Challenge,441,1.2306065902057013,Clear,Urban,Central
2026-08-03 04:00:00,Iwo Road,552,1.1989859575919561,Clear,Highway,East
2026-08-03 04:00:00,Bodija,741,1.0547542520275228,Rain,Urban,West
2026-08-03 04:00:00,Ojoo,567,1.100292264224639,Clear,Urban,North
2026-08-03 04:00:00,Mokola,1084,1.3352427852713182,Clear,Urban,South
2026-08-03 05:00:00,Challenge,957,1.018786386710022,Clear,Urban,Central
2026-08-03 05:00:00,Iwo Road,1092,1.2412608437865553,Clear,Urban,East
2026-08-03 05:00:00,Bodija,695,1.1748773585428973,Rain,Urban,West
2026-08-03 05:00:00,Ojoo,1143,1.2265618561187588,Clear,Urban,North
2026-08-03 05:00:00,Mokola,1157,1.0540005109684827,Clear,Urban,South
2026-08-03 06:00:00,Challenge,1150,1.10490561771993,Clear,Highway,Central
2026-08-03 06:00:00,Iwo Road,906,1.2387371395667557,Clear,Urban,East
2026-08-03 06:00:00,Bodija,900,1.1377534928176933,Clear,Urban,West
2026-08-03 06:00:00,Ojoo,460,1.2753609585710943,Clear,Urban,North
2026-08-03 06:00:00,Mokola,530,1.0311061376315829,Clear,Junction,South
2026-08-03 07:00:00,Challenge,1601,2.1312076001821785,Clear,Highway,Central
2026-08-03 07:00:00,Iwo Road,2316,1.7231367678270653,Heavy Rain,Urban,East
2026-08-03 07:00:00,Bodija,2314,1.6780346906759653,Heavy Rain,Urban,West
2026-08-03 07:00:00,Ojoo,2490,2.325905033075305,Clear,Urban,North
2026-08-03 07:00:00,Mokola,2209,2.4825191201619896,Rain,Urban,South
2026-08-03 08:00:00,Challenge,2070,2.4889012071969825,Rain,Highway,Central
2026-08-03 08:00:00,Iwo Road,2277,2.129437381272938,Heavy Rain,Urban,East
2026-08-03 08:00:00,Bodija,1585,2.4239394678292374,Clear,Urban,West
2026-08-03 08:00:00,Ojoo,1636,1.7733391250070674,Clear,Urban,North
2026-08-03 08:00:00,Mokola,1976,2.0267927949917173,Rain,Urban,South
2026-08-03 09:00:00,Challenge,1901,2.0701911184640522,Clear,Urban,Central
2026-08-03 09:00:00,Iwo Road,1651,1.8070079535589327,Clear,Highway,East
2026-08-03 09:00:00,Bodija,2304,2.07723861937141,Clear,Urban,West
2026-08-03 09:00:00,Ojoo,1538,1.8837613040475494,Clear,Urban,North
2026-08-03 09:00:00,Mokola,2420,2.2640701902158726,Clear,Urban,South
2026-08-03 10:00:00,Challenge,507,1.0931837899014534,Clear,Urban,Central
2026-08-03 10:00:00,Iwo Road,813,1.0000950094303538,Clear,Urban,East
2026-08-03 10:00:00,Bodija,1007,1.319513294309466,Heavy Rain,Urban,West
2026-08-03 10:00:00,Ojoo,876,1.0150387092825044,Clear,Urban,North
2026-08-03 10:00:00,Mokola,1147,1.393633387679718,Rain,Urban,South
2026-08-03 11:00:00,Challenge,758,1.2090076766538091,Clear,Highway,Central
2026-08-03 11:00:00,Iwo Road,828,1.1418488630563106,Clear,Urban,East
2026-08-03 11:00:00,Bodija,692,1.0168372758545448,Clear,Junction,West
2026-08-03 11:00:00,Ojoo,984,1.043787039471646,Clear,Highway,North
2026-08-03 11:00:00,Mokola,586,1.3799844735800901,Rain,Highway,South
2026-08-03 12:00:00,Challenge,1109,1.3929322060320326,Rain,Urban,Central
2026-08-03 12:00:00,Iwo Road,461,1.245364555684283,Clear,Junction,East
2026-08-03 12:00:00,Bodija,970,1.160632094570195,Rain,Urban,West
2026-08-03 12:00:00,Ojoo,642,1.2050754044066034,Clear,Highway,North
2026-08-03 12:00:00,Mokola,617,1.0146927749706454,Heavy Rain,Urban,South
2026-08-03 13:00:00,Challenge,916,1.0231370706253586,Heavy Rain,Urban,Central
2026-08-03 13:00:00,Iwo Road,498,1.2389096289721364,Clear,Urban,East
2026-08-03 13:00:00,Bodija,818,1.3032953902816364,Clear,Highway,West
2026-08-03 13:00:00,Ojoo,559,1.185352299286248,Clear,Urban,North
2026-08-03 13:00:00,Mokola,488,1.2371759739366812,Clear,Highway,South
2026-08-03 14:00:00,Challenge,1016,1.156467906432152,Clear,Urban,Central
2026-08-03 14:00:00,Iwo Road,594,1.3822605992919013,Rain,Urban,East
2026-08-03 14:00:00,Bodija,439,1.3726357953275958,Clear,Urban,West
2026-08-03 14:00:00,Ojoo,523,1.1490754068049256,Clear,Urban,North
2026-08-03 14:00:00,Mokola,1001,1.2130410077603049,Heavy Rain,Highway,South
2026-08-03 15:00:00,Challenge,1195,1.0304523437961202,Rain,Urban,Central
2026-08-03 15:00:00,Iwo Road,623,1.2064316081774467,Rain,Urban,East
2026-08-03 15:00:00,Bodija,439,1.2712064610236253,Clear,Urban,West
2026-08-03 15:00:00,Ojoo,661,1.208504124872166,Rain,Urban,North
2026-08-03 15:00:00,Mokola,970,1.346917680383921,Clear,Urban,South
2026-08-03 16:00:00,Challenge,1844,2.437081315458765,Clear,Urban,Central
2026-08-03 16:00:00,Iwo Road,2199,1.7427445947637663,Rain,Urban,East
2026-08-03 16:00:00,Bodija,1530,2.3432350755082867,Clear,Urban,West
2026-08-03 16:00:00,Ojoo,2169,2.417831178342431,Clear,Urban,North
2026-08-03 16:00:00,Mokola,2088,2.0567209603847525,Clear,Urban,South
2026-08-03 17:00:00,Challenge,1545,1.8937902188529638,Clear,Highway,Central
2026-08-03 17:00:00,Iwo Road,2365,2.1706051327896505,Clear,Urban,East
2026-08-03 17:00:00,Bodija,1825,1.8550086534390235,Clear,Urban,West
2026-08-03 17:00:00,Ojoo,2493,1.9076849494348176,Clear,Junction,North
2026-08-03 17:00:00,Mokola,2488,2.30992628368367,Clear,Urban,South
2026-08-03 18:00:00,Challenge,1823,1.8708672102521346,Clear,Highway,Central
2026-08-03 18:00:00,Iwo Road,2405,2.02621649959158,Clear,Highway,East
2026-08-03 18:00:00,Bodija,1709,2.3843831255371386,Heavy Rain,Junction,West
2026-08-03 18:00:00,Ojoo,2175,2.1828162790617167,Clear,Urban,North
2026-08-03 18:00:00,Mokola,1528,1.6199111963760977,Clear,Urban,South
2026-08-03 19:00:00,Challenge,2446,1.827257874719544,Clear,Highway,Central
2026-08-03 19:00:00,Iwo Road,2237,2.49741205014194,Clear,Urban,East
2026-08-03 19:00:00,Bodija,1538,2.0743216865906757,Rain,Urban,West
2026-08-03 19:00:00,Ojoo,2299,1.6741429410542585,Clear,Urban,North
2026-08-03 19:00:00,Mokola,2038,2.3812488902790636,Heavy Rain,Highway,South
2026-08-03 20:00:00,Challenge,420,1.3638098043791274,Rain,Junction,Central
2026-08-03 20:00:00,Iwo Road,1058,1.109686080939468,Heavy Rain,Urban,East
2026-08-03 20:00:00,Bodija,926,1.2983348048123857,Clear,Urban,West
2026-08-03 20:00:00,Ojoo,1191,1.1474105374895045,Rain,Urban,North
2026-08-03 20:00:00,Mokola,983,1.0636982953117058,Clear,Highway,South
2026-08-03 21:00:00,Challenge,919,1.3083687378576208,Rain,Urban,Central
2026-08-03 21:00:00,Iwo Road,786,1.318719131145611,Clear,Junction,East
2026-08-03 21:00:00,Bodija,777,1.2466601258082952,Rain,Urban,West
2026-08-03 21:00:00,Ojoo,605,1.2393309060489708,Clear,Urban,North
2026-08-03 21:00:00,Mokola,920,1.0802098906801347,Clear,Highway,South
2026-08-03 22:00:00,Challenge,900,1.1075973617740391,Rain,Urban,Central
2026-08-03 22:00:00,Iwo Road,1116,1.0598322570670262,Clear,Urban,East
2026-08-03 22:00:00,Bodija,737,1.1919755338868494,Clear,Urban,West
2026-08-03 22:00:00,Ojoo,700,1.3028237070444892,Heavy Rain,Junction,North
2026-08-03 22:00:00,Mokola,1178,1.1922027789031315,Clear,Urban,South
2026-08-03 23:00:00,Challenge,445,1.0569982171606054,Clear,Urban,Central
2026-08-03 23:00:00,Iwo Road,1059,1.1384066270579358,Rain,Junction,East
2026-08-03 23:00:00,Bodija,401,1.213696882390578,Rain,Highway,West
2026-08-03 23:00:00,Ojoo,988,1.0314313988620083,Clear,Highway,North
2026-08-03 23:00:00,Mokola,489,1.2757859876549063,Rain,Urban,South
2026-08-04 00:00:00,Challenge,827,1.04182713613376,Clear,Urban,Central
2026-08-04 00:00:00,Iwo Road,408,1.3744848984974758,Clear,Urban,East
2026-08-04 00:00:00,Bodija,769,1.3740807261197838,Rain,Urban,West
2026-08-04 00:00:00,Ojoo,483,1.1357800770171225,Rain,Highway,North
2026-08-04 00:00:00,Mokola,483,1.2212005810367834,Clear,Urban,South
2026-08-04 01:00:00,Challenge,914,1.016301642436989,Clear,Urban,Central
2026-08-04 01:00:00,Iwo Road,411,1.0988412936040586,Clear,Urban,East
2026-08-04 01:00:00,Bodija,521,1.1316069751258648,Clear,Urban,West
2026-08-04 01:00:00,Ojoo,1132,1.3158794028569916,Clear,Urban,North
2026-08-04 01:00:00,Mokola,993,1.0083444557166152,Clear,Urban,South
2026-08-04 02:00:00,Challenge,711,1.3899172648587133,Clear,Highway,Central
2026-08-04 02:00:00,Iwo Road,434,1.0882244499689293,Clear,Urban,East
2026-08-04 02:00:00,Bodija,731,1.0696773346313013,Heavy Rain,Urban,West
2026-08-04 02:00:00,Ojoo,423,1.1701973337792302,Clear,Urban,North
2026-08-04 02:00:00,Mokola,931,1.2019379527572072,Clear,Urban,South
2026-08-04 03:00:00,Challenge,1016,1.175446167675836,Clear,Urban,Central
2026-08-04 03:00:00,Iwo Road,977,1.2390894261023457,Rain,Urban,East
2026-08-04 03:00:00,Bodija,1154,1.236940131437345,Rain,Urban,West
2026-08-04 03:00:00,Ojoo,636,1.1863251228080993,Rain,Urban,North
2026-08-04 03:00:00,Mokola,1193,1.2863299858728354,Rain,Highway,South
2026-08-04 04:00:00,Challenge,925,1.3885580376166557,Clear,Urban,Central
2026-08-04 04:00:00,Iwo Road,952,1.0988924297612708,Rain,Urban,East
2026-08-04 04:00:00,Bodija,903,1.2317659597374002,Clear,Highway,West
2026-08-04 04:00:00,Ojoo,544,1.1564326146607042,Heavy Rain,Urban,North
2026-08-04 04:00:00,Mokola,628,1.00361216165182,Clear,Urban,South
2026-08-04 05:00:00,Challenge,1075,1.3879284180314178,Clear,Urban,Central
2026-08-04 05:00:00,Iwo Road,1106,1.1768097495131429,Clear,Urban,East
2026-08-04 05:00:00,Bodija,760,1.1723550094647224,Clear,Urban,West
2026-08-04 05:00:00,Ojoo,912,1.1010111128301676,Clear,Urban,North
2026-08-04 05:00:00,Mokola,506,1.2945608060262561,Clear,Urban,South
2026-08-04 06:00:00,Challenge,896,1.2821542376448813,Clear,Urban,Central
2026-08-04 06:00:00,Iwo Road,1019,1.2159623358008849,Clear,Junction,East
2026-08-04 06:00:00,Bodija,910,1.0924523649710587,Clear,Urban,West
2026-08-04 06:00:00,Ojoo,434,1.1808796113133742,Rain,Urban,North
2026-08-04 06:00:00,Mokola,1090,1.0166291436201569,Clear,Junction,South
2026-08-04 07:00:00,Challenge,1715,2.2173709623846856,Clear,Urban,Central
2026-08-04 07:00:00,Iwo Road,2296,2.3811264650680197,Clear,Urban,East
2026-08-04 07:00:00,Bodija,1677,1.9083881393088238,Clear,Highway,West
2026-08-04 07:00:00,Ojoo,2137,1.8771369474320718,Clear,Urban,North
2026-08-04 07:00:00,Mokola,1874,1.7461437051960889,Clear,Urban,South
2026-08-04 08:00:00,Challenge,2168,1.999375197374114,Rain,Highway,Central
2026-08-04 08:00:00,Iwo Road,2301,2.195469115334032,Heavy Rain,Urban,East
2026-08-04 08:00:00,Bodija,1913,2.0474572876075845,Clear,Urban,West
2026-08-04 08:00:00,Ojoo,2243,2.291667428071412,Clear,Urban,North
2026-08-04 08:00:00,Mokola,2463,2.208862047199522,Clear,Urban,South
2026-08-04 09:00:00,Challenge,1552,2.2002743652918166,Clear,Urban,Central
2026-08-04 09:00:00,Iwo Road,2461,2.4994723531936,Clear,Junction,East
2026-08-04 09:00:00,Bodija,2180,2.4940032436227657,Rain,Highway,West
2026-08-04 09:00:00,Ojoo,1658,2.264604288326194,Rain,Urban,North
2026-08-04 09:00:00,Mokola,1993,2.4331073477926406,Clear,Junction,South
2026-08-04 10:00:00,Challenge,796,1.3191254595434536,Clear,Urban,Central
2026-08-04 10:00:00,Iwo Road,743,1.1187477098241123,Clear,Urban,East
2026-08-04 10:00:00,Bodija,464,1.1465846139485592,Clear,Urban,West
2026-08-04 10:00:00,Ojoo,1004,1.1794774490490123,Clear,Urban,North
2026-08-04 10:00:00,Mokola,501,1.0292783695073775,Clear,Urban,South
2026-08-04 11:00:00,Challenge,1176,1.151914312071692,Rain,Urban,Central
2026-08-04 11:00:00,Iwo Road,853,1.365694606380588,Rain,Highway,East
2026-08-04 11:00:00,Bodija,532,1.15952911235876,Clear,Urban,West
2026-08-04 11:00:00,Ojoo,1182,1.1577461295273401,Clear,Urban,North
2026-08-04 11:00:00,Mokola,763,1.3822094783819738,Clear,Highway,South
2026-08-04 12:00:00,Challenge,735,1.2589898856618411,Rain,Urban,Central
2026-08-04 12:00:00,Iwo Road,1114,1.1520298035748822,Clear,Urban,East
2026-08-04 12:00:00,Bodija,1186,1.0405683313796865,Clear,Urban,West
2026-08-04 12:00:00,Ojoo,963,1.2680384138443765,Rain,Urban,North
2026-08-04 12:00:00,Mokola,1047,1.1245230796624015,Clear,Urban,South
2026-08-04 13:00:00,Challenge,988,1.1654196406101405,Clear,Highway,Central
2026-08-04 13:00:00,Iwo Road,750,1.3437663173122356,Rain,Highway,East
2026-08-04 13:00:00,Bodija,711,1.3173629032591347,Clear,Junction,West
2026-08-04 13:00:00,Ojoo,483,1.1934182586879698,Rain,Urban,North
2026-08-04 13:00:00,Mokola,775,1.2105996776615124,Clear,Highway,South
2026-08-04 14:00:00,Challenge,517,1.2060700681334926,Clear,Urban,Central
2026-08-04 14:00:00,Iwo Road,1182,1.2443923955403966,Clear,Urban,East
2026-08-04 14:00:00,Bodija,983,1.3079778801006716,Clear,Urban,West
2026-08-04 14:00:00,Ojoo,979,1.1099224142192545,Rain,Urban,North
2026-08-04 14:00:00,Mokola,601,1.3238119903073766,Rain,Highway,South
2026-08-04 15:00:00,Challenge,838,1.2346433852701897,Clear,Urban,Central
2026-08-04 15:00:00,Iwo Road,625,1.1891567862532728,Clear,Highway,East
2026-08-04 15:00:00,Bodija,1054,1.092098467371148,Clear,Urban,West
2026-08-04 15:00:00,Ojoo,989,1.2528061944081674,Clear,Highway,North
2026-08-04 15:00:00,Mokola,719,1.0545759010226932,Clear,Urban,South
2026-08-04 16:00:00,Challenge,1873,2.001211823119506,Clear,Highway,Central
2026-08-04 16:00:00,Iwo Road,1779,1.7155548605087128,Clear,Urban,East
2026-08-04 16:00:00,Bodija,2053,2.4149723130967065,Rain,Urban,West
2026-08-04 16:00:00,Ojoo,2240,2.4047717871977063,Clear,Urban,North
2026-08-04 16:00:00,Mokola,2390,1.9092044272981337,Clear,Urban,South
2026-08-04 17:00:00,Challenge,2327,1.6608513072329936,Rain,Urban,Central
2026-08-04 17:00:00,Iwo Road,1648,1.8440326928501665,Clear,Urban,East
2026-08-04 17:00:00,Bodija,2311,1.8919003778038381,Clear,Urban,West
2026-08-04 17:00:00,Ojoo,2226,1.9406287811372822,Clear,Junction,North
2026-08-04 17:00:00,Mokola,1970,2.0186850510553462,Clear,Urban,South
2026-08-04 18:00:00,Challenge,2047,2.4654991623593316,Clear,Urban,Central
2026-08-04 18:00:00,Iwo Road,1810,2.082244916025773,Clear,Urban,East
2026-08-04 18:00:00,Bodija,2411,1.6011130117834687,Clear,Junction,West
2026-08-04 18:00:00,Ojoo,2014,2.4344600375315073,Clear,Urban,North
2026-08-04 18:00:00,Mokola,1603,1.6180237203332422,Clear,Urban,South
2026-08-04 19:00:00,Challenge,1820,2.3578299649387793,Clear,Urban,Central
2026-08-04 19:00:00,Iwo Road,2477,2.3091117894630386,Rain,Urban,East
2026-08-04 19:00:00,Bodija,1959,2.3038252789033473,Clear,Highway,West
2026-08-04 19:00:00,Ojoo,1980,1.804621570086489,Clear,Urban,North
2026-08-04 19:00:00,Mokola,2269,2.4432620407279564,Clear,Urban,South
2026-08-04 20:00:00,Challenge,579,1.1118814153885916,Rain,Urban,Central
2026-08-04 20:00:00,Iwo Road,661,1.367756789285767,Clear,Junction,East
2026-08-04 20:00:00,Bodija,500,1.1564171052232697,Clear,Urban,West
2026-08-04 20:00:00,Ojoo,1077,1.3269798833964765,Clear,Urban,North
2026-08-04 20:00:00,Mokola,1069,1.2885688269314926,Clear,Urban,South
2026-08-04 21:00:00,Challenge,925,1.032367713220501,Clear,Highway,Central
2026-08-04 21:00:00,Iwo Road,529,1.0894457737985244,Heavy Rain,Urban,East
2026-08-04 21:00:00,Bodija,665,1.3289922254537443,Clear,Urban,West
2026-08-04 21:00:00,Ojoo,563,1.2425483777733501,Clear,Urban,North
2026-08-04 21:00:00,Mokola,637,1.069935450904165,Clear,Urban,South
2026-08-04 22:00:00,Challenge,424,1.2665227543340158,Clear,Urban,Central
2026-08-04 22:00:00,Iwo Road,936,1.093020543346152,Clear,Urban,East
2026-08-04 22:00:00,Bodija,527,1.1729991513320528,Clear,Urban,West
2026-08-04 22:00:00,Ojoo,1057,1.1111010494997045,Rain,Highway,North
2026-08-04 22:00:00,Mokola,442,1.2478351819591318,Clear,Highway,South
2026-08-04 23:00:00,Challenge,916,1.3123046344273759,Clear,Highway,Central
2026-08-04 23:00:00,Iwo Road,1178,1.3017014177375452,Clear,Urban,East
2026-08-04 23:00:00,Bodija,482,1.0682659034199993,Clear,Urban,West
2026-08-04 23:00:00,Ojoo,893,1.0404183244042586,Clear,Highway,North
2026-08-04 23:00:00,Mokola,659,1.2532758504053856,Clear,Urban,South
2026-08-05 00:00:00,Challenge,779,1.1225014483146447,Clear,Urban,Central
2026-08-05 00:00:00,Iwo Road,630,1.2897269878706643,Rain,Urban,East
2026-08-05 00:00:00,Bodija,1167,1.077849004728306,Clear,Urban,West
2026-08-05 00:00:00,Ojoo,925,1.0707548580575417,Clear,Junction,North
2026-08-05 00:00:00,Mokola,582,1.1664615992719045,Clear,Highway,South
2026-08-05 01:00:00,Challenge,990,1.232859291911989,Clear,Highway,Central
2026-08-05 01:00:00,Iwo Road,464,1.1294001579645894,Rain,Urban,East
2026-08-05 01:00:00,Bodija,1092,1.3206148447531958,Heavy Rain,Urban,West
2026-08-05 01:00:00,Ojoo,896,1.219183795589477,Clear,Urban,North
2026-08-05 01:00:00,Mokola,582,1.0596951111800705,Clear,Urban,South
2026-08-05 02:00:00,Challenge,1023,1.2949428309551199,Clear,Urban,Central
2026-08-05 02:00:00,Iwo Road,835,1.3438260926587782,Clear,Junction,East
2026-08-05 02:00:00,Bodija,1024,1.3821338746015712,Rain,Urban,West
2026-08-05 02:00:00,Ojoo,528,1.323553384654531,Clear,Urban,North
2026-08-05 02:00:00,Mokola,641,1.01537053958493,Rain,Urban,South
2026-08-05 03:00:00,Challenge,1114,1.1981808413843926,Clear,Urban,Central
2026-08-05 03:00:00,Iwo Road,478,1.3557563664515375,Clear,Urban,East
2026-08-05 03:00:00,Bodija,980,1.2949735074885942,Clear,Urban,West
2026-08-05 03:00:00,Ojoo,599,1.0339168064183213,Clear,Highway,North
2026-08-05 03:00:00,Mokola,807,1.0421470135811224,Clear,Urban,South
2026-08-05 04:00:00,Challenge,631,1.1413005634008258,Clear,Urban,Central
2026-08-05 04:00:00,Iwo Road,798,1.3769261558692771,Rain,Urban,East
2026-08-05 04:00:00,Bodija,841,1.039358259885359,Clear,Urban,West
2026-08-05 04:00:00,Ojoo,719,1.1697187543539551,Clear,Urban,North
2026-08-05 04:00:00,Mokola,736,1.1181779109909682,Rain,Urban,South
2026-08-05 05:00:00,Challenge,862,1.082274904878222,Clear,Urban,Central
2026-08-05 05:00:00,Iwo Road,989,1.0277017225143439,Heavy Rain,Urban,East
2026-08-05 05:00:00,Bodija,1166,1.3873955110377534,Rain,Urban,West
2026-08-05 05:00:00,Ojoo,887,1.045582653885727,Clear,Junction,North
2026-08-05 05:00:00,Mokola,687,1.2465998907580333,Clear,Highway,South
2026-08-05 06:00:00,Challenge,672,1.3712334561304198,Clear,Urban,Central
2026-08-05 06:00:00,Iwo Road,523,1.1554611194519389,Clear,Urban,East
2026-08-05 06:00:00,Bodija,1124,1.2703929102345421,Clear,Highway,West
2026-08-05 06:00:00,Ojoo,521,1.3263787755874468,Rain,Urban,North
2026-08-05 06:00:00,Mokola,632,1.2176066316731007,Clear,Urban,South
2026-08-05 07:00:00,Challenge,2137,2.3577986976010554,Clear,Urban,Central
2026-08-05 07:00:00,Iwo Road,1735,1.6484723862982236,Clear,Urban,East
2026-08-05 07:00:00,Bodija,1844,2.443649259847407,Clear,Highway,West
2026-08-05 07:00:00,Ojoo,2040,2.216768214504286,Clear,Junction,North
2026-08-05 07:00:00,Mokola,1962,2.0552674236566464,Rain,Urban,South
2026-08-05 08:00:00,Challenge,2182,2.2823665099688837,Clear,Urban,Central
2026-08-05 08:00:00,Iwo Road,2129,2.1085197935731146,Clear,Urban,East
2026-08-05 08:00:00,Bodija,1866,2.3894245973602635,Clear,Highway,West
2026-08-05 08:00:00,Ojoo,1685,1.608398457844384,Clear,Urban,North
2026-08-05 08:00:00,Mokola,1948,1.850111887523981,Clear,Urban,South
2026-08-05 09:00:00,Challenge,2365,1.783632071166009,Clear,Urban,Central
2026-08-05 09:00:00,Iwo Road,1730,2.153480416307019,Clear,Urban,East
2026-08-05 09:00:00,Bodija,1892,2.098803862718815,Clear,Urban,West
2026-08-05 09:00:00,Ojoo,2065,2.349412422412339,Clear,Urban,North
2026-08-05 09:00:00,Mokola,1936,1.931146676171876,Clear,Highway,South
2026-08-05 10:00:00,Challenge,469,1.3506603047312802,Heavy Rain,Urban,Central
2026-08-05 10:00:00,Iwo Road,780,1.2573460719647136,Rain,Urban,East
2026-08-05 10:00:00,Bodija,553,1.1566102792711317,Clear,Urban,West
2026-08-05 10:00:00,Ojoo,804,1.0116285521375814,Clear,Highway,North
2026-08-05 10:00:00,Mokola,419,1.1609308498746223,Rain,Urban,South
2026-08-05 11:00:00,Challenge,914,1.0259414377931872,Clear,Urban,Central
2026-08-05 11:00:00,Iwo Road,1165,1.1946390648975012,Clear,Urban,East
2026-08-05 11:00:00,Bodija,587,1.3300197640720248,Clear,Highway,West
2026-08-05 11:00:00,Ojoo,805,1.2781662593312213,Clear,Junction,North
2026-08-05 11:00:00,Mokola,516,1.3154459858689624,Clear,Urban,South
2026-08-05 12:00:00,Challenge,1139,1.048950702930071,Clear,Urban,Central
2026-08-05 12:00:00,Iwo Road,1027,1.0250168907589474,Rain,Urban,East
2026-08-05 12:00:00,Bodija,517,1.2570260798140764,Clear,Urban,West
2026-08-05 12:00:00,Ojoo,1151,1.0713009867618566,Clear,Junction,North
2026-08-05 12:00:00,Mokola,523,1.1535331807732176,Clear,Urban,South
2026-08-05 13:00:00,Challenge,904,1.226219985968576,Heavy Rain,Highway,Central
2026-08-05 13:00:00,Iwo Road,1018,1.009676705556542,Rain,Urban,East
2026-08-05 13:00:00,Bodija,962,1.376271698046136,Clear,Urban,West
2026-08-05 13:00:00,Ojoo,980,1.3367734267167233,Clear,Urban,North
2026-08-05 13:00:00,Mokola,473,1.3749413176863456,Clear,Urban,South
2026-08-05 14:00:00,Challenge,1037,1.291175722789506,Clear,Urban,Central
2026-08-05 14:00:00,Iwo Road,712,1.0028116815254478,Clear,Urban,East
2026-08-05 14:00:00,Bodija,763,1.0541416329110742,Rain,Urban,West
2026-08-05 14:00:00,Ojoo,947,1.0053610505728663,Clear,Highway,North
2026-08-05 14:00:00,Mokola,741,1.1046822734943624,Clear,Junction,South
2026-08-05 15:00:00,Challenge,1031,1.3899338611124445,Clear,Urban,Central
2026-08-05 15:00:00,Iwo Road,1128,1.3106842227820725,Clear,Urban,East
2026-08-05 15:00:00,Bodija,1095,1.018600234576026,Clear,Urban,West
2026-08-05 15:00:00,Ojoo,932,1.2129682729100868,Clear,Urban,North
2026-08-05 15:00:00,Mokola,1038,1.094713723724554,Clear,Urban,South
2026-08-05 16:00:00,Challenge,1971,2.1041513651156576,Rain,Highway,Central
2026-08-05 16:00:00,Iwo Road,1991,2.3089417139749377,Clear,Urban,East
2026-08-05 16:00:00,Bodija,1520,1.830877056199823,Clear,Highway,West
2026-08-05 16:00:00,Ojoo,2483,1.9044367947991137,Clear,Junction,North
2026-08-05 16:00:00,Mokola,2407,1.914555734878137,Clear,Highway,South
2026-08-05 17:00:00,Challenge,2207,1.976190940483436,Clear,Urban,Central
2026-08-05 17:00:00,Iwo Road,1788,2.0710518202369297,Clear,Urban,East
2026-08-05 17:00:00,Bodija,2453,2.0882912230558808,Rain,Urban,West
2026-08-05 17:00:00,Ojoo,2109,1.6735528111721005,Clear,Urban,North
2026-08-05 17:00:00,Mokola,2352,1.7268636647695925,Clear,Urban,South
2026-08-05 18:00:00,Challenge,2341,2.0160660049005465,Clear,Urban,Central
2026-08-05 18:00:00,Iwo Road,1585,1.8615288038257196,Rain,Highway,East
2026-08-05 18:00:00,Bodija,2070,2.013315889837262,Clear,Urban,West
2026-08-05 18:00:00,Ojoo,2459,1.9057997244056966,Rain,Urban,North
2026-08-05 18:00:00,Mokola,1567,2.2810763551197715,Clear,Urban,South
2026-08-05 19:00:00,Challenge,1712,2.193666429755268,Clear,Urban,Central
2026-08-05 19:00:00,Iwo Road,1880,2.0061154097628893,Heavy Rain,Urban,East
2026-08-05 19:00:00,Bodija,1946,2.0972622533044527,Clear,Urban,West
2026-08-05 19:00:00,Ojoo,1543,2.084831618157443,Clear,Highway,North
2026-08-05 19:00:00,Mokola,1935,2.0065271373085145,Clear,Highway,South
2026-08-05 20:00:00,Challenge,1108,1.3857906615603246,Clear,Urban,Central
2026-08-05 20:00:00,Iwo Road,907,1.3171417676135357,Clear,Urban,East
2026-08-05 20:00:00,Bodija,966,1.2570698630689694,Clear,Urban,West
2026-08-05 20:00:00,Ojoo,609,1.0631819291341391,Clear,Urban,North
2026-08-05 20:00:00,Mokola,1174,1.2453892554556705,Clear,Urban,South
2026-08-05 21:00:00,Challenge,439,1.2028204415461763,Clear,Highway,Central
2026-08-05 21:00:00,Iwo Road,919,1.3575958840031481,Clear,Highway,East
2026-08-05 21:00:00,Bodija,659,1.3194373089531004,Heavy Rain,Urban,West
2026-08-05 21:00:00,Ojoo,1048,1.321441414176614,Clear,Junction,North
2026-08-05 21:00:00,Mokola,974,1.1941435932639548,Clear,Urban,South
2026-08-05 22:00:00,Challenge,561,1.066381958118314,Rain,Urban,Central
2026-08-05 22:00:00,Iwo Road,646,1.051930579580687,Clear,Highway,East
2026-08-05 22:00:00,Bodija,595,1.2877414489476633,Rain,Highway,West
2026-08-05 22:00:00,Ojoo,1044,1.3893829559904691,Clear,Urban,North
2026-08-05 22:00:00,Mokola,885,1.2163175019942176,Clear,Urban,South
2026-08-05 23:00:00,Challenge,794,1.3605184043098595,Clear,Urban,Central
2026-08-05 23:00:00,Iwo Road,1127,1.1976849789001198,Rain,Urban,East
2026-08-05 23:00:00,Bodija,676,1.0451772833644695,Clear,Urban,West
2026-08-05 23:00:00,Ojoo,1074,1.0567887959043976,Clear,Urban,North
2026-08-05 23:00:00,Mokola,713,1.2455109675262794,Clear,Urban,South
2026-08-06 00:00:00,Challenge,672,1.336579021233904,Clear,Junction,Central
2026-08-06 00:00:00,Iwo Road,688,1.0505058966258012,Clear,Urban,East
2026-08-06 00:00:00,Bodija,647,1.0278564592649624,Clear,Urban,West
2026-08-06 00:00:00,Ojoo,523,1.3966970468671356,Clear,Highway,North
2026-08-06 00:00:00,Mokola,978,1.2776602294039323,Clear,Urban,South
2026-08-06 01:00:00,Challenge,590,1.0274021626507919,Rain,Urban,Central
2026-08-06 01:00:00,Iwo Road,1053,1.361443137738718,Clear,Urban,East
2026-08-06 01:00:00,Bodija,1163,1.265993961390398,Clear,Junction,West
2026-08-06 01:00:00,Ojoo,650,1.0000753598226328,Clear,Urban,North
2026-08-06 01:00:00,Mokola,957,1.1841433084807704,Rain,Urban,South
2026-08-06 02:00:00,Challenge,946,1.1651044517064104,Rain,Urban,Central
2026-08-06 02:00:00,Iwo Road,680,1.168577616631699,Clear,Junction,East
2026-08-06 02:00:00,Bodija,1061,1.3433366707196484,Clear,Junction,West
2026-08-06 02:00:00,Ojoo,825,1.2797261500504815,Rain,Junction,North
2026-08-06 02:00:00,Mokola,1117,1.2906683968281292,Clear,Urban,South
2026-08-06 03:00:00,Challenge,907,1.2540356423638874,Clear,Urban,Central
2026-08-06 03:00:00,Iwo Road,836,1.216279390657964,Clear,Urban,East
2026-08-06 03:00:00,Bodija,719,1.2268683119677541,Clear,Urban,West
2026-08-06 03:00:00,Ojoo,1138,1.0905405977365943,Clear,Urban,North
2026-08-06 03:00:00,Mokola,467,1.35089578286488,Rain,Urban,South
2026-08-06 04:00:00,Challenge,997,1.3569209992558608,Clear,Highway,Central
2026-08-06 04:00:00,Iwo Road,876,1.3352608734207698,Clear,Urban,East
2026-08-06 04:00:00,Bodija,1178,1.398175006476524,Rain,Urban,West
2026-08-06 04:00:00,Ojoo,724,1.1009228999357625,Clear,Urban,North
2026-08-06 04:00:00,Mokola,600,1.3638507277746368,Clear,Urban,South
2026-08-06 05:00:00,Challenge,1127,1.3823297934883008,Clear,Urban,Central
2026-08-06 05:00:00,Iwo Road,823,1.1267786351164477,Clear,Urban,East
2026-08-06 05:00:00,Bodija,1058,1.3570093159819383,Clear,Urban,West
2026-08-06 05:00:00,Ojoo,949,1.2366788649225302,Clear,Urban,North
2026-08-06 05:00:00,Mokola,854,1.0526773753888155,Clear,Urban,South
2026-08-06 06:00:00,Challenge,978,1.260889703818189,Heavy Rain,Urban,Central
2026-08-06 06:00:00,Iwo Road,760,1.2025064237980811,Clear,Highway,East
2026-08-06 06:00:00,Bodija,1064,1.0011684130485448,Clear,Urban,West
2026-08-06 06:00:00,Ojoo,682,1.0560096390213272,Clear,Junction,North
2026-08-06 06:00:00,Mokola,492,1.189188538438204,Clear,Urban,South
2026-08-06 07:00:00,Challenge,1931,1.852614893964377,Clear,Urban,Central
2026-08-06 07:00:00,Iwo Road,2497,2.368722397885454,Clear,Urban,East
2026-08-06 07:00:00,Bodija,1903,1.6972231787176224,Clear,Urban,West
2026-08-06 07:00:00,Ojoo,2444,1.7966588509187174,Clear,Highway,North
2026-08-06 07:00:00,Mokola,1732,1.9573135371134724,Clear,Urban,South
2026-08-06 08:00:00,Challenge,2355,2.0784395181439876,Rain,Urban,Central
2026-08-06 08:00:00,Iwo Road,2050,2.0441919223061067,Clear,Junction,East
2026-08-06 08:00:00,Bodija,1832,2.436484025025803,Clear,Urban,West
2026-08-06 08:00:00,Ojoo,1518,1.9699189677389912,Rain,Urban,North
2026-08-06 08:00:00,Mokola,1767,2.207147067624595,Clear,Urban,South
2026-08-06 09:00:00,Challenge,2487,2.339078454295204,Clear,Urban,Central
2026-08-06 09:00:00,Iwo Road,1842,2.245814912258435,Rain,Highway,East
2026-08-06 09:00:00,Bodija,2351,2.217930922143346,Clear,Urban,West
2026-08-06 09:00:00,Ojoo,2138,2.19639806175342,Clear,Urban,North
2026-08-06 09:00:00,Mokola,2435,2.2760602430275765,Clear,Highway,South
2026-08-06 10:00:00,Challenge,1054,1.2999403057745864,Clear,Urban,Central
2026-08-06 10:00:00,Iwo Road,601,1.144767996335146,Clear,Highway,East
2026-08-06 10:00:00,Bodija,609,1.0555485305586068,Clear,Highway,West
2026-08-06 10:00:00,Ojoo,1170,1.2895892221864376,Clear,Junction,North
2026-08-06 10:00:00,Mokola,1077,1.3316070930181962,Heavy Rain,Urban,South
2026-08-06 11:00:00,Challenge,667,1.1180162830616625,Clear,Urban,Central
2026-08-06 11:00:00,Iwo Road,756,1.0492013180494983,Clear,Urban,East
2026-08-06 11:00:00,Bodija,678,1.3266892810234179,Clear,Urban,West
2026-08-06 11:00:00,Ojoo,506,1.1719724309560593,Clear,Urban,North
2026-08-06 11:00:00,Mokola,1033,1.2361142171812638,Clear,Urban,South
2026-08-06 12:00:00,Challenge,594,1.3430249350645134,Rain,Urban,Central
2026-08-06 12:00:00,Iwo Road,759,1.3558608132070264,Clear,Urban,East
2026-08-06 12:00:00,Bodija,517,1.2822343450575298,Clear,Urban,West
2026-08-06 12:00:00,Ojoo,839,1.0662513388113062,Clear,Highway,North
2026-08-06 12:00:00,Mokola,592,1.3786577735974184,Clear,Urban,South
2026-08-06 13:00:00,Challenge,818,1.1362416666325166,Clear,Urban,Central
2026-08-06 13:00:00,Iwo Road,975,1.2423116997810761,Clear,Urban,East
2026-08-06 13:00:00,Bodija,603,1.2238753779351759,Clear,Highway,West
2026-08-06 13:00:00,Ojoo,833,1.1942358798637591,Clear,Urban,North
2026-08-06 13:00:00,Mokola,474,1.054315618825575,Clear,Urban,South
2026-08-06 14:00:00,Challenge,762,1.1551947039787478,Clear,Highway,Central
2026-08-06 14:00:00,Iwo Road,524,1.1834092035527561,Clear,Junction,East
2026-08-06 14:00:00,Bodija,524,1.1481587945101226,Clear,Urban,West
2026-08-06 14:00:00,Ojoo,1045,1.2411771505917846,Rain,Junction,North
2026-08-06 14:00:00,Mokola,476,1.2427509366307719,Clear,Highway,South
2026-08-06 15:00:00,Challenge,1135,1.1361548417018024,Clear,Highway,Central
2026-08-06 15:00:00,Iwo Road,704,1.2129030124595903,Clear,Urban,East
2026-08-06 15:00:00,Bodija,742,1.1761765401249695,Clear,Urban,West
2026-08-06 15:00:00,Ojoo,962,1.0708683701087462,Clear,Urban,North
2026-08-06 15:00:00,Mokola,932,1.3865669543465629,Clear,Urban,South
2026-08-06 16:00:00,Challenge,2103,2.124685983548142,Heavy Rain,Highway,Central
2026-08-06 16:00:00,Iwo Road,2365,2.040008048613206,Clear,Junction,East
2026-08-06 16:00:00,Bodija,2263,1.8704404470403893,Clear,Urban,West
2026-08-06 16:00:00,Ojoo,2286,1.7811808970401901,Clear,Highway,North
2026-08-06 16:00:00,Mokola,2156,2.2397962450140874,Rain,Highway,South
2026-08-06 17:00:00,Challenge,1590,2.418509149843518,Clear,Urban,Central
2026-08-06 17:00:00,Iwo Road,1639,1.6341834069608683,Clear,Urban,East
2026-08-06 17:00:00,Bodija,2016,2.3147895962944647,Clear,Urban,West
2026-08-06 17:00:00,Ojoo,2023,2.472646954163286,Rain,Urban,North
2026-08-06 17:00:00,Mokola,2119,2.035066692375832,Rain,Urban,South
2026-08-06 18:00:00,Challenge,2261,2.042276359775701,Clear,Urban,Central
2026-08-06 18:00:00,Iwo Road,1906,1.9478864561407252,Clear,Urban,East
2026-08-06 18:00:00,Bodija,2253,2.2531448168979544,Rain,Urban,West
2026-08-06 18:00:00,Ojoo,2103,2.3447670298956726,Rain,Urban,North
2026-08-06 18:00:00,Mokola,1864,2.0288350454004633,Heavy Rain,Highway,South
2026-08-06 19:00:00,Challenge,2440,1.9952348349703735,Rain,Urban,Central
2026-08-06 19:00:00,Iwo Road,1646,1.8807091720038525,Clear,Highway,East
2026-08-06 19:00:00,Bodija,2442,2.163933259983889,Rain,Highway,West
2026-08-06 19:00:00,Ojoo,1979,2.436331658206506,Clear,Urban,North
2026-08-06 19:00:00,Mokola,2405,1.7209916164673098,Clear,Urban,South
2026-08-06 20:00:00,Challenge,593,1.1333629288636442,Clear,Urban,Central
2026-08-06 20:00:00,Iwo Road,1133,1.0035453140453876,Heavy Rain,Urban,East
2026-08-06 20:00:00,Bodija,512,1.0359248617131096,Clear,Highway,West
2026-08-06 20:00:00,Ojoo,691,1.3336578388002702,Clear,Highway,North
2026-08-06 20:00:00,Mokola,1143,1.3748364113835179,Rain,Urban,South
2026-08-06 21:00:00,Challenge,656,1.3383685758710928,Clear,Highway,Central
2026-08-06 21:00:00,Iwo Road,664,1.2892597945858517,Clear,Urban,East
2026-08-06 21:00:00,Bodija,757,1.1224549363518372,Clear,Urban,West
2026-08-06 21:00:00,Ojoo,1084,1.2791025104293716,Clear,Highway,North
2026-08-06 21:00:00,Mokola,757,1.1198262711815494,Clear,Urban,South
2026-08-06 22:00:00,Challenge,1145,1.0968924871298267,Clear,Highway,Central
2026-08-06 22:00:00,Iwo Road,873,1.1611493130530548,Clear,Urban,East
2026-08-06 22:00:00,Bodija,694,1.1605224096878848,Clear,Highway,West
2026-08-06 22:00:00,Ojoo,966,1.3624444008529988,Clear,Urban,North
2026-08-06 22:00:00,Mokola,720,1.2195921797766567,Clear,Highway,South
2026-08-06 23:00:00,Challenge,802,1.1431256336454196,Clear,Highway,Central
2026-08-06 23:00:00,Iwo Road,736,1.2879165813418743,Rain,Urban,East
2026-08-06 23:00:00,Bodija,883,1.2499135451157608,Clear,Urban,West
2026-08-06 23:00:00,Ojoo,413,1.1852690867005367,Clear,Urban,North
2026-08-06 23:00:00,Mokola,421,1.2253155723815259,Clear,Junction,South
2026-08-07 00:00:00,Challenge,1175,1.1085637521786857,Clear,Urban,Central
2026-08-07 00:00:00,Iwo Road,1159,1.2518230787566946,Clear,Urban,East
2026-08-07 00:00:00,Bodija,990,1.0410993009809693,Clear,Urban,West
2026-08-07 00:00:00,Ojoo,1185,1.1104678231283598,Clear,Highway,North
2026-08-07 00:00:00,Mokola,1175,1.0015279690634333,Clear,Urban,South
2026-08-07 01:00:00,Challenge,556,1.3723549488243232,Rain,Highway,Central
2026-08-07 01:00:00,Iwo Road,536,1.3370847608642218,Clear,Urban,East
2026-08-07 01:00:00,Bodija,540,1.1689538088737224,Clear,Junction,West
2026-08-07 01:00:00,Ojoo,1090,1.0357158098102293,Clear,Urban,North
2026-08-07 01:00:00,Mokola,1128,1.2815428366537325,Clear,Highway,South
2026-08-07 02:00:00,Challenge,634,1.2665541654312826,Heavy Rain,Urban,Central
2026-08-07 02:00:00,Iwo Road,1184,1.2704432925657643,Rain,Urban,East
2026-08-07 02:00:00,Bodija,1122,1.2576596885903664,Clear,Urban,West
2026-08-07 02:00:00,Ojoo,703,1.154048047961,Rain,Urban,North
2026-08-07 02:00:00,Mokola,895,1.0835530896020655,Clear,Urban,South
2026-08-07 03:00:00,Challenge,854,1.3070270514071671,Clear,Urban,Central
2026-08-07 03:00:00,Iwo Road,430,1.2878615266442122,Clear,Urban,East
2026-08-07 03:00:00,Bodija,499,1.2711252801240176,Clear,Urban,West
2026-08-07 03:00:00,Ojoo,1127,1.3723229189265957,Clear,Urban,North
2026-08-07 03:00:00,Mokola,725,1.2579330416089254,Clear,Urban,South
2026-08-07 04:00:00,Challenge,837,1.2316701021498888,Clear,Highway,Central
2026-08-07 04:00:00,Iwo Road,924,1.0232367808321399,Clear,Urban,East
2026-08-07 04:00:00,Bodija,443,1.0399467284544712,Clear,Urban,West
2026-08-07 04:00:00,Ojoo,501,1.1349382187076371,Clear,Highway,North
2026-08-07 04:00:00,Mokola,537,1.012568728604509,Clear,Urban,South
2026-08-07 05:00:00,Challenge,1179,1.2380526699622725,Clear,Urban,Central
2026-08-07 05:00:00,Iwo Road,1139,1.016662727353073,Clear,Urban,East
2026-08-07 05:00:00,Bodija,518,1.309596551261105,Rain,Urban,West
2026-08-07 05:00:00,Ojoo,1097,1.342851823942513,Clear,Highway,North
2026-08-07 05:00:00,Mokola,574,1.322862214945953,Clear,Urban,South
2026-08-07 06:00:00,Challenge,1135,1.117323444312226,Rain,Urban,Central
2026-08-07 06:00:00,Iwo Road,1155,1.2567439835421421,Clear,Urban,East
2026-08-07 06:00:00,Bodija,772,1.258583496655172,Heavy Rain,Urban,West
2026-08-07 06:00:00,Ojoo,856,1.2187853005485552,Rain,Urban,North
2026-08-07 06:00:00,Mokola,903,1.1831983036014286,Clear,Urban,South
2026-08-07 07:00:00,Challenge,1694,2.2391218886182593,Rain,Urban,Central
2026-08-07 07:00:00,Iwo Road,1704,2.272699965937025,Clear,Highway,East
2026-08-07 07:00:00,Bodija,2101,2.491188004228859,Clear,Urban,West
2026-08-07 07:00:00,Ojoo,2479,2.0900340995202367,Heavy Rain,Highway,North
2026-08-07 07:00:00,Mokola,1732,1.784483088574135,Clear,Urban,South
2026-08-07 08:00:00,Challenge,1940,2.160172277409397,Rain,Urban,Central
2026-08-07 08:00:00,Iwo Road,1766,2.4834879914672032,Clear,Junction,East
2026-08-07 08:00:00,Bodija,2362,2.2067172659824568,Clear,Urban,West
2026-08-07 08:00:00,Ojoo,2063,1.9036061269153213,Clear,Urban,North
2026-08-07 08:00:00,Mokola,1658,2.2369492152407746,Clear,Highway,South
2026-08-07 09:00:00,Challenge,1504,2.047581201552075,Clear,Highway,Central
2026-08-07 09:00:00,Iwo Road,2172,2.462140708951093,Clear,Urban,East
2026-08-07 09:00:00,Bodija,2072,2.4541640766833597,Heavy Rain,Urban,West
2026-08-07 09:00:00,Ojoo,2073,2.326268941795594,Clear,Urban,North
2026-08-07 09:00:00,Mokola,2408,2.012738149162456,Clear,Urban,South
2026-08-07 10:00:00,Challenge,919,1.0836741861631711,Clear,Urban,Central
2026-08-07 10:00:00,Iwo Road,1151,1.3979925477300372,Clear,Urban,East
2026-08-07 10:00:00,Bodija,891,1.3842507902052799,Clear,Junction,West
2026-08-07 10:00:00,Ojoo,959,1.1626696279994333,Heavy Rain,Urban,North
2026-08-07 10:00:00,Mokola,731,1.1038167132704362,Clear,Urban,South
2026-08-07 11:00:00,Challenge,710,1.0855828154752947,Clear,Highway,Central
2026-08-07 11:00:00,Iwo Road,1019,1.3170380465153533,Rain,Junction,East
2026-08-07 11:00:00,Bodija,1018,1.158082370523988,Heavy Rain,Junction,West
2026-08-07 11:00:00,Ojoo,919,1.0646685744947848,Clear,Urban,North
2026-08-07 11:00:00,Mokola,894,1.0928159315604424,Clear,Urban,South
2026-08-07 12:00:00,Challenge,995,1.2260341249811024,Rain,Urban,Central
2026-08-07 12:00:00,Iwo Road,536,1.3341631323368504,Rain,Urban,East
2026-08-07 12:00:00,Bodija,555,1.0914707118414435,Clear,Urban,West
2026-08-07 12:00:00,Ojoo,1163,1.0711552496196093,Clear,Urban,North
2026-08-07 12:00:00,Mokola,1189,1.1714808083945734,Clear,Urban,South
2026-08-07 13:00:00,Challenge,1052,1.000177112574883,Rain,Highway,Central
2026-08-07 13:00:00,Iwo Road,646,1.3678124098624198,Heavy Rain,Highway,East
2026-08-07 13:00:00,Bodija,1004,1.1926197361103417,Clear,Highway,West
2026-08-07 13:00:00,Ojoo,1005,1.3673705728581633,Heavy Rain,Urban,North
2026-08-07 13:00:00,Mokola,1117,1.2488158249483974,Heavy Rain,Urban,South
2026-08-07 14:00:00,Challenge,1092,1.1434313846099493,Clear,Urban,Central
2026-08-07 14:00:00,Iwo Road,457,1.350942244882104,Heavy Rain,Highway,East
2026-08-07 14:00:00,Bodija,714,1.0883411131852037,Clear,Highway,West
2026-08-07 14:00:00,Ojoo,800,1.0592711712919782,Clear,Urban,North
2026-08-07 14:00:00,Mokola,979,1.2326489171956774,Clear,Urban,South
2026-08-07 15:00:00,Challenge,498,1.1305353723727949,Rain,Highway,Central
2026-08-07 15:00:00,Iwo Road,598,1.3576377210133002,Rain,Urban,East
2026-08-07 15:00:00,Bodija,804,1.3052433454405232,Rain,Urban,West
2026-08-07 15:00:00,Ojoo,1153,1.0818720436229134,Clear,Highway,North
2026-08-07 15:00:00,Mokola,546,1.2375209923238462,Clear,Urban,South
2026-08-07 16:00:00,Challenge,1974,1.6621068333515348,Rain,Urban,Central
2026-08-07 16:00:00,Iwo Road,2206,1.6855477409794235,Rain,Highway,East
2026-08-07 16:00:00,Bodija,1663,2.2242562517264157,Rain,Urban,West
2026-08-07 16:00:00,Ojoo,2334,2.0640934652708083,Clear,Highway,North
2026-08-07 16:00:00,Mokola,2127,1.9827053668939245,Clear,Highway,South
2026-08-07 17:00:00,Challenge,2329,2.0788195110858267,Clear,Highway,Central
2026-08-07 17:00:00,Iwo Road,1825,1.6491709780008752,Heavy Rain,Urban,East
2026-08-07 17:00:00,Bodija,2433,1.6090815460201224,Clear,Urban,West
2026-08-07 17:00:00,Ojoo,1841,2.2564103146791967,Heavy Rain,Urban,North
2026-08-07 17:00:00,Mokola,2010,2.1765720335223278,Clear,Urban,South
2026-08-07 18:00:00,Challenge,2325,1.8726378150763865,Clear,Urban,Central
2026-08-07 18:00:00,Iwo Road,1910,1.8442947198707802,Clear,Urban,East
2026-08-07 18:00:00,Bodija,1546,2.326024167725265,Heavy Rain,Urban,West
2026-08-07 18:00:00,Ojoo,1712,2.0882239031163907,Clear,Urban,North
2026-08-07 18:00:00,Mokola,2298,2.2784467305122966,Clear,Urban,South
2026-08-07 19:00:00,Challenge,1753,2.1253955024627005,Heavy Rain,Highway,Central
2026-08-07 19:00:00,Iwo Road,2004,1.9255392293736227,Rain,Urban,East
2026-08-07 19:00:00,Bodija,2134,2.283104754269738,Clear,Urban,West
2026-08-07 19:00:00,Ojoo,2228,1.7548803063657334,Heavy Rain,Urban,North
2026-08-07 19:00:00,Mokola,1693,2.227488443718673,Clear,Urban,South
2026-08-07 20:00:00,Challenge,400,1.0488121977287395,Clear,Urban,Central
2026-08-07 20:00:00,Iwo Road,712,1.1096286357368763,Rain,Highway,East
2026-08-07 20:00:00,Bodija,540,1.0853573391902758,Clear,Highway,West
2026-08-07 20:00:00,Ojoo,736,1.2804679446361038,Clear,Urban,North
2026-08-07 20:00:00,Mokola,582,1.2197239085920415,Clear,Urban,South
2026-08-07 21:00:00,Challenge,499,1.314482260904423,Clear,Urban,Central
2026-08-07 21:00:00,Iwo Road,442,1.3355989310872043,Clear,Urban,East
2026-08-07 21:00:00,Bodija,669,1.337311236374561,Clear,Urban,West
2026-08-07 21:00:00,Ojoo,567,1.0206674886631844,Clear,Urban,North
2026-08-07 21:00:00,Mokola,789,1.0473969435073602,Heavy Rain,Urban,South
2026-08-07 22:00:00,Challenge,1058,1.1586214727959852,Clear,Urban,Central
2026-08-07 22:00:00,Iwo Road,1059,1.2708609649830693,Clear,Urban,East
2026-08-07 22:00:00,Bodija,421,1.2690811976835592,Rain,Urban,West
2026-08-07 22:00:00,Ojoo,774,1.2286983932574995,Rain,Junction,North
2026-08-07 22:00:00,Mokola,609,1.0990040292561647,Clear,Highway,South
2026-08-07 23:00:00,Challenge,411,1.1150530916174712,Clear,Urban,Central
2026-08-07 23:00:00,Iwo Road,800,1.3739977727355062,Clear,Urban,East
2026-08-07 23:00:00,Bodija,468,1.0273412801239834,Rain,Urban,West
2026-08-07 23:00:00,Ojoo,888,1.2741775532887605,Clear,Highway,North
2026-08-07 23:00:00,Mokola,958,1.1525764165653245,Heavy Rain,Urban,South
2026-08-08 00:00:00,Challenge,790,1.252912861455056,Clear,Urban,Central
2026-08-08 00:00:00,Iwo Road,876,1.0405491590212637,Clear,Urban,East
2026-08-08 00:00:00,Bodija,1113,1.3658924459826014,Clear,Urban,West
2026-08-08 00:00:00,Ojoo,601,1.071745872804884,Heavy Rain,Highway,North
2026-08-08 00:00:00,Mokola,717,1.222198169642344,Clear,Urban,South
2026-08-08 01:00:00,Challenge,1130,1.2078817051577937,Clear,Urban,Central
2026-08-08 01:00:00,Iwo Road,497,1.1932158790235559,Clear,Urban,East
2026-08-08 01:00:00,Bodija,985,1.2759115396992484,Clear,Urban,West
2026-08-08 01:00:00,Ojoo,618,1.0302334455416269,Heavy Rain,Urban,North
2026-08-08 01:00:00,Mokola,547,1.2396178348601525,Clear,Urban,South
2026-08-08 02:00:00,Challenge,813,1.2566527635309417,Clear,Urban,Central
2026-08-08 02:00:00,Iwo Road,682,1.270410515221019,Clear,Urban,East
2026-08-08 02:00:00,Bodija,1144,1.210302487823654,Clear,Highway,West
2026-08-08 02:00:00,Ojoo,851,1.3786934915693583,Clear,Highway,North
2026-08-08 02:00:00,Mokola,478,1.0852340034739232,Rain,Highway,South
2026-08-08 03:00:00,Challenge,647,1.2350343484437607,Clear,Urban,Central
2026-08-08 03:00:00,Iwo Road,683,1.2509946287137117,Clear,Junction,East
2026-08-08 03:00:00,Bodija,536,1.1801016984571562,Heavy Rain,Urban,West
2026-08-08 03:00:00,Ojoo,636,1.2468996083394903,Clear,Urban,North
2026-08-08 03:00:00,Mokola,565,1.0407572403491747,Clear,Urban,South
2026-08-08 04:00:00,Challenge,818,1.356022810186101,Clear,Urban,Central
2026-08-08 04:00:00,Iwo Road,766,1.1034846568621763,Clear,Urban,East
2026-08-08 04:00:00,Bodija,647,1.0916687804856648,Clear,Urban,West
2026-08-08 04:00:00,Ojoo,611,1.0816098662954314,Clear,Urban,North
2026-08-08 04:00:00,Mokola,510,1.2954892602906265,Clear,Urban,South
2026-08-08 05:00:00,Challenge,765,1.108322531214789,Clear,Highway,Central
2026-08-08 05:00:00,Iwo Road,460,1.169908612170021,Clear,Urban,East
2026-08-08 05:00:00,Bodija,927,1.0324596714144956,Heavy Rain,Urban,West
2026-08-08 05:00:00,Ojoo,949,1.1533136958568806,Clear,Urban,North
2026-08-08 05:00:00,Mokola,903,1.0801128071470503,Clear,Urban,South
2026-08-08 06:00:00,Challenge,1002,1.208579609666752,Clear,Urban,Central
2026-08-08 06:00:00,Iwo Road,472,1.082486962033656,Rain,Urban,East
2026-08-08 06:00:00,Bodija,1195,1.366102873967129,Rain,Highway,West
2026-08-08 06:00:00,Ojoo,586,1.181738169227062,Clear,Urban,North
2026-08-08 06:00:00,Mokola,587,1.3334572536575833,Clear,Urban,South
2026-08-08 07:00:00,Challenge,2118,2.442652559322034,Clear,Urban,Central
2026-08-08 07:00:00,Iwo Road,2161,2.3065879426861366,Clear,Urban,East
2026-08-08 07:00:00,Bodija,1713,2.0523681183671174,Clear,Urban,West
2026-08-08 07:00:00,Ojoo,2335,1.7890264145646535,Clear,Urban,North
2026-08-08 07:00:00,Mokola,2433,2.1896563430719045,Clear,Highway,South
2026-08-08 08:00:00,Challenge,2424,1.6634427510788303,Clear,Urban,Central
2026-08-08 08:00:00,Iwo Road,1954,2.2485089937799656,Rain,Urban,East
2026-08-08 08:00:00,Bodija,2463,1.8602687016663548,Clear,Urban,West
2026-08-08 08:00:00,Ojoo,1811,2.098042169079173,Clear,Urban,North
2026-08-08 08:00:00,Mokola,2389,2.3457000381154733,Rain,Urban,South
2026-08-08 09:00:00,Challenge,2043,2.328391958456736,Rain,Urban,Central
2026-08-08 09:00:00,Iwo Road,1676,2.055070738079763,Rain,Urban,East
2026-08-08 09:00:00,Bodija,1712,2.4132025990892774,Clear,Urban,West
2026-08-08 09:00:00,Ojoo,1538,1.7744767611432035,Rain,Urban,North
2026-08-08 09:00:00,Mokola,1964,1.9103032780653824,Clear,Urban,South
2026-08-08 10:00:00,Challenge,1125,1.1183771555434627,Clear,Urban,Central
2026-08-08 10:00:00,Iwo Road,1071,1.2775798362040627,Clear,Highway,East
2026-08-08 10:00:00,Bodija,800,1.2962504595577482,Rain,Urban,West
2026-08-08 10:00:00,Ojoo,1019,1.2059733399653036,Clear,Highway,North
2026-08-08 10:00:00,Mokola,1120,1.1656803702287322,Clear,Urban,South
2026-08-08 11:00:00,Challenge,1033,1.1417085308868862,Clear,Urban,Central
2026-08-08 11:00:00,Iwo Road,1112,1.0847577321760435,Clear,Highway,East
2026-08-08 11:00:00,Bodija,958,1.1564131476509594,Clear,Urban,West
2026-08-08 11:00:00,Ojoo,811,1.2287648815402403,Heavy Rain,Urban,North
2026-08-08 11:00:00,Mokola,688,1.1715777333720576,Clear,Urban,South
2026-08-08 12:00:00,Challenge,574,1.3014378522983012,Clear,Urban,Central
2026-08-08 12:00:00,Iwo Road,540,1.3482107865077535,Clear,Urban,East
2026-08-08 12:00:00,Bodija,604,1.278650908486956,Clear,Junction,West
2026-08-08 12:00:00,Ojoo,694,1.0571367859257328,Clear,Urban,North
2026-08-08 12:00:00,Mokola,724,1.3059203889837108,Clear,Urban,South
2026-08-08 13:00:00,Challenge,502,1.1677086644664088,Clear,Urban,Central
2026-08-08 13:00:00,Iwo Road,936,1.2692985757418125,Clear,Urban,East
2026-08-08 13:00:00,Bodija,815,1.2858565099634895,Rain,Urban,West
2026-08-08 13:00:00,Ojoo,472,1.2142626397390315,Rain,Urban,North
2026-08-08 13:00:00,Mokola,735,1.0813745900544365,Clear,Urban,South
2026-08-08 14:00:00,Challenge,598,1.1805176452117019,Clear,Urban,Central
2026-08-08 14:00:00,Iwo Road,828,1.1937377705166035,Clear,Urban,East
2026-08-08 14:00:00,Bodija,456,1.3214150637850413,Rain,Urban,West
2026-08-08 14:00:00,Ojoo,1135,1.0167941715638353,Clear,Highway,North
2026-08-08 14:00:00,Mokola,691,1.3391711535053394,Clear,Junction,South
2026-08-08 15:00:00,Challenge,481,1.1501875713866,Rain,Urban,Central
2026-08-08 15:00:00,Iwo Road,620,1.2236237139786408,Clear,Urban,East
2026-08-08 15:00:00,Bodija,1093,1.291693897165457,Clear,Urban,West
2026-08-08 15:00:00,Ojoo,1043,1.1856954078956898,Clear,Urban,North
2026-08-08 15:00:00,Mokola,1018,1.3717153609048238,Clear,Urban,South
2026-08-08 16:00:00,Challenge,1755,2.0355904313617725,Clear,Urban,Central
2026-08-08 16:00:00,Iwo Road,1816,1.6933107226608488,Clear,Urban,East
2026-08-08 16:00:00,Bodija,1700,2.1253422289582273,Rain,Urban,West
2026-08-08 16:00:00,Ojoo,2306,2.2097260733411255,Rain,Highway,North
2026-08-08 16:00:00,Mokola,1710,2.1584264065467735,Clear,Highway,South
2026-08-08 17:00:00,Challenge,1764,1.9122663937611026,Clear,Highway,Central
2026-08-08 17:00:00,Iwo Road,1899,2.2828437890475284,Clear,Urban,East
2026-08-08 17:00:00,Bodija,2303,2.3673264594445085,Clear,Urban,West
2026-08-08 17:00:00,Ojoo,2343,2.0265290981044926,Clear,Urban,North
2026-08-08 17:00:00,Mokola,2019,2.12965444164309,Clear,Urban,South
2026-08-08 18:00:00,Challenge,1885,1.9823657585812784,Rain,Urban,Central
2026-08-08 18:00:00,Iwo Road,1706,2.102134700635631,Clear,Highway,East
2026-08-08 18:00:00,Bodija,1870,2.3396478519268236,Clear,Urban,West
2026-08-08 18:00:00,Ojoo,1883,2.094408380412482,Clear,Urban,North
2026-08-08 18:00:00,Mokola,2462,2.172736853380037,Clear,Urban,South
2026-08-08 19:00:00,Challenge,1655,2.0168032424537605,Clear,Urban,Central
2026-08-08 19:00:00,Iwo Road,2402,1.8381715242328216,Clear,Urban,East
2026-08-08 19:00:00,Bodija,1887,2.015370634829746,Heavy Rain,Urban,West
2026-08-08 19:00:00,Ojoo,2368,2.2730547169708646,Clear,Urban,North
2026-08-08 19:00:00,Mokola,2176,1.8336188043475443,Clear,Urban,South
2026-08-08 20:00:00,Challenge,1074,1.3297307567517076,Clear,Urban,Central
2026-08-08 20:00:00,Iwo Road,1087,1.1292109383016375,Rain,Urban,East
2026-08-08 20:00:00,Bodija,1143,1.29449155301142,Clear,Urban,West
2026-08-08 20:00:00,Ojoo,657,1.2992018945485613,Rain,Urban,North
2026-08-08 20:00:00,Mokola,949,1.0379671747286678,Heavy Rain,Urban,South
2026-08-08 21:00:00,Challenge,1198,1.3205391967495235,Clear,Highway,Central
2026-08-08 21:00:00,Iwo Road,1074,1.2284649194489443,Clear,Urban,East
2026-08-08 21:00:00,Bodija,858,1.1441707308565945,Rain,Urban,West
2026-08-08 21:00:00,Ojoo,907,1.2617368021970878,Clear,Highway,North
2026-08-08 21:00:00,Mokola,861,1.3666413206569643,Clear,Urban,South
2026-08-08 22:00:00,Challenge,1094,1.3348478511322608,Clear,Urban,Central
2026-08-08 22:00:00,Iwo Road,607,1.1659260477555788,Clear,Urban,East
2026-08-08 22:00:00,Bodija,467,1.3962716628263063,Rain,Urban,West
2026-08-08 22:00:00,Ojoo,473,1.0553741973317576,Clear,Urban,North
2026-08-08 22:00:00,Mokola,1050,1.3716558080061851,Clear,Urban,South
2026-08-08 23:00:00,Challenge,714,1.187714090930316,Clear,Urban,Central
2026-08-08 23:00:00,Iwo Road,1157,1.3217656238709892,Clear,Urban,East
2026-08-08 23:00:00,Bodija,1114,1.3796802772723564,Rain,Urban,West
2026-08-08 23:00:00,Ojoo,1093,1.1492490473689534,Rain,Highway,North
2026-08-08 23:00:00,Mokola,1044,1.0217562994089244,Clear,Junction,South
2026-08-09 00:00:00,Challenge,581,1.110115285380744,Clear,Urban,Central
2026-08-09 00:00:00,Iwo Road,659,1.1655309861283183,Clear,Highway,East
2026-08-09 00:00:00,Bodija,1153,1.267104236641261,Rain,Highway,West
2026-08-09 00:00:00,Ojoo,803,1.2741581373784023,Clear,Highway,North
2026-08-09 00:00:00,Mokola,606,1.335261989995457,Rain,Junction,South
2026-08-09 01:00:00,Challenge,1042,1.2556128635659682,Heavy Rain,Urban,Central
2026-08-09 01:00:00,Iwo Road,1141,1.2570310441294534,Clear,Urban,East
2026-08-09 01:00:00,Bodija,549,1.2810560823432915,Clear,Urban,West
2026-08-09 01:00:00,Ojoo,1120,1.2427387822160556,Rain,Urban,North
2026-08-09 01:00:00,Mokola,1146,1.0844927325891724,Rain,Urban,South
2026-08-09 02:00:00,Challenge,554,1.2949704343082709,Clear,Urban,Central
2026-08-09 02:00:00,Iwo Road,578,1.012010402131757,Rain,Urban,East
2026-08-09 02:00:00,Bodija,1030,1.247596625879435,Rain,Urban,West
2026-08-09 02:00:00,Ojoo,765,1.1341116200313182,Clear,Junction,North
2026-08-09 02:00:00,Mokola,1184,1.3410189684983882,Rain,Highway,South
2026-08-09 03:00:00,Challenge,922,1.3157637687654342,Clear,Highway,Central
2026-08-09 03:00:00,Iwo Road,1162,1.1876428844190314,Clear,Highway,East
2026-08-09 03:00:00,Bodija,963,1.1753826861002312,Clear,Junction,West
2026-08-09 03:00:00,Ojoo,983,1.1758961946031634,Clear,Urban,North
2026-08-09 03:00:00,Mokola,509,1.2522323766332368,Clear,Highway,South
2026-08-09 04:00:00,Challenge,1049,1.1025852244067065,Clear,Urban,Central
2026-08-09 04:00:00,Iwo Road,435,1.0842027758661372,Rain,Highway,East
2026-08-09 04:00:00,Bodija,565,1.345863568743256,Clear,Highway,West
2026-08-09 04:00:00,Ojoo,1041,1.3317256936503037,Clear,Urban,North
2026-08-09 04:00:00,Mokola,589,1.0548593952610972,Clear,Urban,South
2026-08-09 05:00:00,Challenge,637,1.1246759314060166,Clear,Highway,Central
2026-08-09 05:00:00,Iwo Road,742,1.0329089297108247,Clear,Urban,East
2026-08-09 05:00:00,Bodija,838,1.0227914907989473,Clear,Urban,West
2026-08-09 05:00:00,Ojoo,488,1.2297150300360844,Clear,Urban,North
2026-08-09 05:00:00,Mokola,798,1.0796983817633257,Clear,Highway,South
2026-08-09 06:00:00,Challenge,924,1.3957804523860224,Rain,Urban,Central
2026-08-09 06:00:00,Iwo Road,1130,1.209104056624748,Clear,Urban,East
2026-08-09 06:00:00,Bodija,827,1.274815660232992,Clear,Highway,West
2026-08-09 06:00:00,Ojoo,447,1.1627219203806893,Clear,Urban,North
2026-08-09 06:00:00,Mokola,744,1.2055402938306392,Rain,Urban,South
2026-08-09 07:00:00,Challenge,1728,2.059133542410691,Clear,Urban,Central
2026-08-09 07:00:00,Iwo Road,1769,2.1802707237191368,Clear,Urban,East
2026-08-09 07:00:00,Bodija,2292,2.267442357506607,Clear,Highway,West
2026-08-09 07:00:00,Ojoo,1619,1.7667433198449913,Clear,Urban,North
2026-08-09 07:00:00,Mokola,1736,1.965901105427294,Rain,Urban,South
2026-08-09 08:00:00,Challenge,1921,2.472933872810672,Clear,Highway,Central
2026-08-09 08:00:00,Iwo Road,1705,1.8275185996141958,Rain,Urban,East
2026-08-09 08:00:00,Bodija,1575,2.1011064198353693,Rain,Urban,West
2026-08-09 08:00:00,Ojoo,2201,2.489669483195902,Clear,Urban,North
2026-08-09 08:00:00,Mokola,2224,2.3866645959746666,Clear,Urban,South
2026-08-09 09:00:00,Challenge,2024,2.161130047467367,Clear,Highway,Central
2026-08-09 09:00:00,Iwo Road,1999,2.2752391875449582,Clear,Urban,East
2026-08-09 09:00:00,Bodija,2410,1.7795547834366476,Clear,Urban,West
2026-08-09 09:00:00,Ojoo,2230,1.636053207145625,Clear,Urban,North
2026-08-09 09:00:00,Mokola,1973,2.307231380921536,Clear,Highway,South
2026-08-09 10:00:00,Challenge,555,1.304230256982113,Clear,Urban,Central
2026-08-09 10:00:00,Iwo Road,1121,1.2051688659099062,Clear,Junction,East
2026-08-09 10:00:00,Bodija,897,1.1591462812069708,Rain,Highway,West
2026-08-09 10:00:00,Ojoo,1005,1.0817793489857093,Clear,Urban,North
2026-08-09 10:00:00,Mokola,1027,1.2680130151230267,Clear,Urban,South
2026-08-09 11:00:00,Challenge,964,1.020097203929193,Clear,Urban,Central
2026-08-09 11:00:00,Iwo Road,707,1.3713534022545228,Heavy Rain,Urban,East
2026-08-09 11:00:00,Bodija,497,1.0862003035470205,Clear,Urban,West
2026-08-09 11:00:00,Ojoo,636,1.044637199982899,Clear,Urban,North
2026-08-09 11:00:00,Mokola,589,1.278249860941623,Clear,Highway,South
2026-08-09 12:00:00,Challenge,538,1.227385959403176,Clear,Urban,Central
2026-08-09 12:00:00,Iwo Road,905,1.270957251955549,Clear,Junction,East
2026-08-09 12:00:00,Bodija,789,1.1463543238227523,Clear,Urban,West
2026-08-09 12:00:00,Ojoo,898,1.2098942550645728,Rain,Urban,North
2026-08-09 12:00:00,Mokola,538,1.1170065701905008,Clear,Urban,South
2026-08-09 13:00:00,Challenge,503,1.3732820351037225,Clear,Urban,Central
2026-08-09 13:00:00,Iwo Road,546,1.076923958413451,Clear,Urban,East
2026-08-09 13:00:00,Bodija,692,1.3539420470784016,Clear,Urban,West
2026-08-09 13:00:00,Ojoo,698,1.1359080969195374,Clear,Urban,North
2026-08-09 13:00:00,Mokola,504,1.1387543905457542,Clear,Urban,South
2026-08-09 14:00:00,Challenge,651,1.1359887455172992,Clear,Urban,Central
2026-08-09 14:00:00,Iwo Road,609,1.3966784293489807,Clear,Junction,East
2026-08-09 14:00:00,Bodija,871,1.1490035726213863,Rain,Highway,West
2026-08-09 14:00:00,Ojoo,536,1.095995745547983,Clear,Urban,North
2026-08-09 14:00:00,Mokola,774,1.3872305525802933,Clear,Urban,South
2026-08-09 15:00:00,Challenge,649,1.0020106210439212,Clear,Junction,Central
2026-08-09 15:00:00,Iwo Road,759,1.2311564450776353,Rain,Urban,East
2026-08-09 15:00:00,Bodija,682,1.0222422086721843,Clear,Urban,West
2026-08-09 15:00:00,Ojoo,1092,1.099783281717293,Clear,Urban,North
2026-08-09 15:00:00,Mokola,833,1.3582251392527354,Rain,Urban,South
2026-08-09 16:00:00,Challenge,1682,1.6963514606987675,Clear,Urban,Central
2026-08-09 16:00:00,Iwo Road,2398,1.9078968587772347,Clear,Urban,East
2026-08-09 16:00:00,Bodija,2225,1.7560087476777528,Clear,Highway,West
2026-08-09 16:00:00,Ojoo,2264,2.043537626079542,Clear,Urban,North
2026-08-09 16:00:00,Mokola,1801,2.1690143357810747,Clear,Urban,South
2026-08-09 17:00:00,Challenge,1569,2.412171729957493,Clear,Urban,Central
2026-08-09 17:00:00,Iwo Road,2463,2.1232753950238186,Clear,Urban,East
2026-08-09 17:00:00,Bodija,2371,2.1913274484106964,Rain,Urban,West
2026-08-09 17:00:00,Ojoo,1844,2.4483932592699675,Clear,Urban,North
2026-08-09 17:00:00,Mokola,1691,1.6940090662901364,Clear,Urban,South
2026-08-09 18:00:00,Challenge,1555,1.6829511626251892,Clear,Urban,Central
2026-08-09 18:00:00,Iwo Road,2070,2.1353626415517186,Clear,Highway,East
2026-08-09 18:00:00,Bodija,1529,2.377119157307317,Clear,Urban,West
2026-08-09 18:00:00,Ojoo,2216,2.1111768675844726,Clear,Junction,North
2026-08-09 18:00:00,Mokola,1937,1.9811931243927068,Rain,Highway,South
2026-08-09 19:00:00,Challenge,2197,1.988110482812402,Clear,Highway,Central
2026-08-09 19:00:00,Iwo Road,2063,1.6245250107557336,Clear,Urban,East
2026-08-09 19:00:00,Bodija,2112,2.1525732756927094,Clear,Urban,West
2026-08-09 19:00:00,Ojoo,2193,2.4079692098587526,Clear,Highway,North
2026-08-09 19:00:00,Mokola,2110,1.9157371984015141,Clear,Urban,South
2026-08-09 20:00:00,Challenge,928,1.2229242301257233,Clear,Urban,Central
2026-08-09 20:00:00,Iwo Road,895,1.1928528395679368,Rain,Urban,East
2026-08-09 20:00:00,Bodija,638,1.0558395469439201,Clear,Urban,West
2026-08-09 20:00:00,Ojoo,668,1.1836496093146722,Clear,Junction,North
2026-08-09 20:00:00,Mokola,405,1.2716796604804677,Clear,Urban,South
2026-08-09 21:00:00,Challenge,425,1.3748435779678707,Clear,Urban,Central
2026-08-09 21:00:00,Iwo Road,970,1.2625638414002627,Heavy Rain,Urban,East
2026-08-09 21:00:00,Bodija,925,1.337944930995853,Clear,Urban,West
2026-08-09 21:00:00,Ojoo,798,1.2451183342146042,Rain,Urban,North
2026-08-09 21:00:00,Mokola,736,1.2592943589528387,Clear,Urban,South
2026-08-09 22:00:00,Challenge,521,1.3334576041900688,Rain,Urban,Central
2026-08-09 22:00:00,Iwo Road,544,1.3597041435698758,Heavy Rain,Urban,East
2026-08-09 22:00:00,Bodija,563,1.1652690068830878,Clear,Urban,West
2026-08-09 22:00:00,Ojoo,862,1.1581037261724632,Clear,Highway,North
2026-08-09 22:00:00,Mokola,1131,1.3628995777425623,Clear,Urban,South
2026-08-09 23:00:00,Challenge,636,1.2840459065349117,Clear,Urban,Central
2026-08-09 23:00:00,Iwo Road,1182,1.2925945438812463,Heavy Rain,Urban,East
2026-08-09 23:00:00,Bodija,1175,1.020085772676182,Clear,Urban,West
2026-08-09 23:00:00,Ojoo,524,1.251928261773883,Clear,Urban,North
2026-08-09 23:00:00,Mokola,1057,1.0172209610862675,Rain,Urban,South
2026-08-10 00:00:00,Challenge,1009,1.3297886070418197,Clear,Urban,Central
2026-08-10 00:00:00,Iwo Road,1033,1.0948577863910844,Clear,Urban,East
2026-08-10 00:00:00,Bodija,405,1.1004677070193605,Rain,Urban,West
2026-08-10 00:00:00,Ojoo,1007,1.109753842081035,Rain,Urban,North
2026-08-10 00:00:00,Mokola,775,1.0157077656966609,Clear,Highway,South
2026-08-10 01:00:00,Challenge,800,1.2786780445746992,Clear,Urban,Central
2026-08-10 01:00:00,Iwo Road,815,1.2684372628343903,Rain,Junction,East
2026-08-10 01:00:00,Bodija,549,1.313319193182419,Clear,Junction,West
2026-08-10 01:00:00,Ojoo,914,1.399049128900554,Clear,Urban,North
2026-08-10 01:00:00,Mokola,929,1.0481550315156356,Rain,Highway,South
2026-08-10 02:00:00,Challenge,482,1.3548477268894792,Clear,Urban,Central
2026-08-10 02:00:00,Iwo Road,1126,1.1668773674258306,Clear,Highway,East
2026-08-10 02:00:00,Bodija,767,1.1769009106078236,Rain,Urban,West
2026-08-10 02:00:00,Ojoo,893,1.1572415630237605,Clear,Highway,North
2026-08-10 02:00:00,Mokola,733,1.0638499605728668,Clear,Highway,South
2026-08-10 03:00:00,Challenge,858,1.0094831014578074,Rain,Junction,Central
2026-08-10 03:00:00,Iwo Road,902,1.1058063215955354,Clear,Urban,East
2026-08-10 03:00:00,Bodija,520,1.1678509531227241,Clear,Highway,West
2026-08-10 03:00:00,Ojoo,640,1.0038747530963872,Rain,Urban,North
2026-08-10 03:00:00,Mokola,1055,1.004521014635609,Rain,Urban,South
2026-08-10 04:00:00,Challenge,703,1.279086523021317,Clear,Urban,Central
2026-08-10 04:00:00,Iwo Road,1157,1.2176794650014808,Clear,Urban,East
2026-08-10 04:00:00,Bodija,471,1.361697316563026,Clear,Urban,West
2026-08-10 04:00:00,Ojoo,411,1.1641983176242219,Clear,Urban,North
2026-08-10 04:00:00,Mokola,864,1.090431628404225,Rain,Junction,South
2026-08-10 05:00:00,Challenge,1119,1.0772997660936672,Clear,Urban,Central
2026-08-10 05:00:00,Iwo Road,1012,1.0334099658720075,Clear,Urban,East
2026-08-10 05:00:00,Bodija,579,1.1970141522857156,Clear,Urban,West
2026-08-10 05:00:00,Ojoo,627,1.2775222227869647,Clear,Urban,North
2026-08-10 05:00:00,Mokola,420,1.3221729317199944,Rain,Highway,South
2026-08-10 06:00:00,Challenge,1059,1.2935621508007478,Clear,Urban,Central
2026-08-10 06:00:00,Iwo Road,623,1.271878886733338,Clear,Highway,East
2026-08-10 06:00:00,Bodija,444,1.1350129863535274,Rain,Urban,West
2026-08-10 06:00:00,Ojoo,620,1.1379270430984678,Clear,Urban,North
2026-08-10 06:00:00,Mokola,1142,1.0444548589328049,Clear,Urban,South
2026-08-10 07:00:00,Challenge,1834,2.343458216093457,Clear,Urban,Central
2026-08-10 07:00:00,Iwo Road,2349,1.6407651792517697,Clear,Urban,East
2026-08-10 07:00:00,Bodija,1777,2.2041437427062194,Clear,Highway,West
2026-08-10 07:00:00,Ojoo,2309,2.0000754277451436,Clear,Highway,North
2026-08-10 07:00:00,Mokola,1989,2.3144362935172356,Clear,Urban,South
2026-08-10 08:00:00,Challenge,1688,2.1741116870976653,Heavy Rain,Urban,Central
2026-08-10 08:00:00,Iwo Road,1686,1.970071428282542,Clear,Urban,East
2026-08-10 08:00:00,Bodija,2284,2.0506398332530043,Clear,Highway,West
2026-08-10 08:00:00,Ojoo,2426,2.2201788883734066,Rain,Urban,North
2026-08-10 08:00:00,Mokola,1503,2.142872949053201,Clear,Urban,South
2026-08-10 09:00:00,Challenge,2220,2.400922038726576,Heavy Rain,Urban,Central
2026-08-10 09:00:00,Iwo Road,2487,2.3028274207474815,Rain,Urban,East
2026-08-10 09:00:00,Bodija,2271,1.692558332941729,Clear,Junction,West
2026-08-10 09:00:00,Ojoo,1670,2.467440844790626,Clear,Highway,North
2026-08-10 09:00:00,Mokola,2294,2.1348176445777374,Clear,Urban,South
2026-08-10 10:00:00,Challenge,715,1.0005385083826255,Clear,Highway,Central
2026-08-10 10:00:00,Iwo Road,495,1.0905089720012744,Clear,Urban,East
2026-08-10 10:00:00,Bodija,760,1.2608941412529762,Clear,Urban,West
2026-08-10 10:00:00,Ojoo,636,1.24239878690841,Rain,Highway,North
2026-08-10 10:00:00,Mokola,952,1.398763687435742,Clear,Urban,South
2026-08-10 11:00:00,Challenge,411,1.132788601894338,Clear,Highway,Central
2026-08-10 11:00:00,Iwo Road,904,1.1034366364539137,Clear,Urban,East
2026-08-10 11:00:00,Bodija,720,1.2691388533954178,Clear,Urban,West
2026-08-10 11:00:00,Ojoo,785,1.26552978994109,Heavy Rain,Highway,North
2026-08-10 11:00:00,Mokola,923,1.236806737115625,Clear,Highway,South
2026-08-10 12:00:00,Challenge,1021,1.0359507406944644,Clear,Urban,Central
2026-08-10 12:00:00,Iwo Road,527,1.3452036184268907,Clear,Urban,East
2026-08-10 12:00:00,Bodija,1084,1.117341368576404,Clear,Urban,West
2026-08-10 12:00:00,Ojoo,755,1.2421925002103782,Clear,Urban,North
2026-08-10 12:00:00,Mokola,547,1.3783698576128345,Clear,Highway,South
2026-08-10 13:00:00,Challenge,522,1.0326669103440385,Rain,Urban,Central
2026-08-10 13:00:00,Iwo Road,1154,1.2373845530818894,Clear,Urban,East
2026-08-10 13:00:00,Bodija,736,1.2660223956026524,Clear,Urban,West
2026-08-10 13:00:00,Ojoo,1199,1.3253737929297056,Rain,Urban,North
2026-08-10 13:00:00,Mokola,955,1.2599152187057197,Clear,Urban,South
2026-08-10 14:00:00,Challenge,1015,1.1153006308669473,Clear,Urban,Central
2026-08-10 14:00:00,Iwo Road,644,1.284854818352242,Clear,Urban,East
2026-08-10 14:00:00,Bodija,589,1.2161197627045999,Rain,Junction,West
2026-08-10 14:00:00,Ojoo,690,1.359515155894939,Clear,Urban,North
2026-08-10 14:00:00,Mokola,1006,1.1519916315861578,Clear,Urban,South
2026-08-10 15:00:00,Challenge,1000,1.155959898516432,Clear,Highway,Central
2026-08-10 15:00:00,Iwo Road,1007,1.0707587803295935,Heavy Rain,Urban,East
2026-08-10 15:00:00,Bodija,453,1.349447411494886,Heavy Rain,Urban,West
2026-08-10 15:00:00,Ojoo,592,1.1280109266249567,Clear,Urban,North
2026-08-10 15:00:00,Mokola,1105,1.2690029050694596,Clear,Urban,South
2026-08-10 16:00:00,Challenge,2446,1.928203608610903,Clear,Urban,Central
2026-08-10 16:00:00,Iwo Road,1863,2.224079915250678,Clear,Urban,East
2026-08-10 16:00:00,Bodija,2271,1.9833439376202455,Heavy Rain,Highway,West
2026-08-10 16:00:00,Ojoo,1670,1.7679759458179143,Clear,Urban,North
2026-08-10 16:00:00,Mokola,1551,2.0428490404441604,Rain,Urban,South
2026-08-10 17:00:00,Challenge,2467,1.7129948109086295,Heavy Rain,Highway,Central
2026-08-10 17:00:00,Iwo Road,1525,1.8682680854723406,Clear,Urban,East
2026-08-10 17:00:00,Bodija,1939,1.6513242226032576,Clear,Urban,West
2026-08-10 17:00:00,Ojoo,2490,1.660024493264904,Clear,Urban,North
2026-08-10 17:00:00,Mokola,2022,1.6374210638619344,Clear,Urban,South
2026-08-10 18:00:00,Challenge,2441,2.138735596664204,Clear,Highway,Central
2026-08-10 18:00:00,Iwo Road,2366,2.3289319782726094,Clear,Urban,East
2026-08-10 18:00:00,Bodija,1875,1.667174587971486,Rain,Junction,West
2026-08-10 18:00:00,Ojoo,2407,2.2315644464895312,Clear,Urban,North
2026-08-10 18:00:00,Mokola,2128,2.0767425694975308,Clear,Junction,South
2026-08-10 19:00:00,Challenge,1768,2.2898745845994646,Clear,Urban,Central
2026-08-10 19:00:00,Iwo Road,2129,2.1653075781192146,Rain,Urban,East
2026-08-10 19:00:00,Bodija,2133,1.971051755048499,Rain,Urban,West
2026-08-10 19:00:00,Ojoo,2290,1.8861842962063016,Clear,Urban,North
2026-08-10 19:00:00,Mokola,2420,1.6558330872659035,Clear,Urban,South
2026-08-10 20:00:00,Challenge,733,1.024441867047853,Clear,Highway,Central
2026-08-10 20:00:00,Iwo Road,1149,1.141891422692085,Clear,Highway,East
2026-08-10 20:00:00,Bodija,616,1.1659302622085408,Clear,Urban,West
2026-08-10 20:00:00,Ojoo,975,1.1829772223479553,Clear,Urban,North
2026-08-10 20:00:00,Mokola,616,1.376201581151761,Clear,Junction,South
2026-08-10 21:00:00,Challenge,568,1.0722072913569693,Clear,Urban,Central
2026-08-10 21:00:00,Iwo Road,705,1.1605847116356172,Clear,Highway,East
2026-08-10 21:00:00,Bodija,587,1.0650643260421941,Clear,Urban,West
2026-08-10 21:00:00,Ojoo,1129,1.0859666125546876,Clear,Urban,North
2026-08-10 21:00:00,Mokola,588,1.2307926449670727,Clear,Urban,South
2026-08-10 22:00:00,Challenge,1155,1.0317121138524767,Clear,Junction,Central
2026-08-10 22:00:00,Iwo Road,1057,1.0688344129810505,Rain,Urban,East
2026-08-10 22:00:00,Bodija,1162,1.1731085937367276,Clear,Highway,West
2026-08-10 22:00:00,Ojoo,703,1.127649395928185,Clear,Urban,North
2026-08-10 22:00:00,Mokola,941,1.0320747027248454,Clear,Urban,South
2026-08-10 23:00:00,Challenge,621,1.1439176374181197,Clear,Highway,Central
2026-08-10 23:00:00,Iwo Road,652,1.049738336572348,Rain,Junction,East
2026-08-10 23:00:00,Bodija,1148,1.1576544187130513,Clear,Urban,West
2026-08-10 23:00:00,Ojoo,418,1.2065133196790696,Clear,Junction,North
2026-08-10 23:00:00,Mokola,1160,1.3580261155404982,Clear,Urban,South
2026-08-11 00:00:00,Challenge,554,1.1367389141992368,Rain,Highway,Central
2026-08-11 00:00:00,Iwo Road,940,1.1121339010205649,Clear,Urban,East
2026-08-11 00:00:00,Bodija,1091,1.0096440773634667,Clear,Highway,West
2026-08-11 00:00:00,Ojoo,534,1.36096131044427,Clear,Urban,North
2026-08-11 00:00:00,Mokola,763,1.0193450844195124,Rain,Urban,South
2026-08-11 01:00:00,Challenge,1121,1.1057887266668762,Clear,Highway,Central
2026-08-11 01:00:00,Iwo Road,849,1.3303729234200063,Clear,Urban,East
2026-08-11 01:00:00,Bodija,584,1.0058268619005115,Clear,Urban,West
2026-08-11 01:00:00,Ojoo,1078,1.2420358074162152,Clear,Urban,North
2026-08-11 01:00:00,Mokola,664,1.008408442690487,Rain,Urban,South
2026-08-11 02:00:00,Challenge,596,1.305476907740128,Clear,Urban,Central
2026-08-11 02:00:00,Iwo Road,1182,1.250131983881693,Clear,Highway,East
2026-08-11 02:00:00,Bodija,1177,1.0809175796632815,Clear,Highway,West
2026-08-11 02:00:00,Ojoo,1022,1.3419223115197045,Heavy Rain,Urban,North
2026-08-11 02:00:00,Mokola,919,1.3356586432283009,Clear,Urban,South
2026-08-11 03:00:00,Challenge,996,1.0103237571452728,Clear,Urban,Central
2026-08-11 03:00:00,Iwo Road,594,1.3512134051377827,Clear,Junction,East
2026-08-11 03:00:00,Bodija,726,1.0392030739122964,Clear,Highway,West
2026-08-11 03:00:00,Ojoo,807,1.2099599946903352,Clear,Urban,North
2026-08-11 03:00:00,Mokola,607,1.3368661506601525,Clear,Highway,South
2026-08-11 04:00:00,Challenge,411,1.393612605711652,Rain,Urban,Central
2026-08-11 04:00:00,Iwo Road,819,1.1432558866116578,Heavy Rain,Urban,East
2026-08-11 04:00:00,Bodija,826,1.018789196439256,Rain,Highway,West
2026-08-11 04:00:00,Ojoo,1195,1.0307032247554953,Clear,Urban,North
2026-08-11 04:00:00,Mokola,578,1.1324585956656599,Rain,Urban,South
2026-08-11 05:00:00,Challenge,867,1.2318476388912547,Clear,Junction,Central
2026-08-11 05:00:00,Iwo Road,722,1.387121095059394,Clear,Junction,East
2026-08-11 05:00:00,Bodija,886,1.1572588517976061,Clear,Highway,West
2026-08-11 05:00:00,Ojoo,517,1.2470116460249245,Clear,Urban,North
2026-08-11 05:00:00,Mokola,769,1.132794588573081,Rain,Urban,South
2026-08-11 06:00:00,Challenge,510,1.1399751414282857,Rain,Junction,Central
2026-08-11 06:00:00,Iwo Road,708,1.274918225033007,Heavy Rain,Urban,East
2026-08-11 06:00:00,Bodija,1127,1.159733032079689,Clear,Junction,West
2026-08-11 06:00:00,Ojoo,1062,1.0066703253959357,Clear,Urban,North
2026-08-11 06:00:00,Mokola,1131,1.1680044017182651,Clear,Urban,South
2026-08-11 07:00:00,Challenge,2390,1.6611759698374635,Clear,Junction,Central
2026-08-11 07:00:00,Iwo Road,2110,1.7259886390495867,Clear,Urban,East
2026-08-11 07:00:00,Bodija,2344,2.156749260184545,Clear,Highway,West
2026-08-11 07:00:00,Ojoo,2039,2.2079104408027828,Clear,Highway,North
2026-08-11 07:00:00,Mokola,1735,2.257156107979609,Clear,Urban,South
2026-08-11 08:00:00,Challenge,1584,2.492379498244648,Clear,Urban,Central
2026-08-11 08:00:00,Iwo Road,1563,2.257791660989987,Clear,Urban,East
2026-08-11 08:00:00,Bodija,2088,2.134402568749107,Clear,Highway,West
2026-08-11 08:00:00,Ojoo,1812,1.7789326548436628,Clear,Urban,North
2026-08-11 08:00:00,Mokola,1587,2.268044253027058,Clear,Urban,South
2026-08-11 09:00:00,Challenge,1549,1.6389837459288807,Clear,Urban,Central
2026-08-11 09:00:00,Iwo Road,1744,2.1106518497404663,Rain,Urban,East
2026-08-11 09:00:00,Bodija,1611,1.7174541036736959,Clear,Urban,West
2026-08-11 09:00:00,Ojoo,2257,1.9771895256253769,Clear,Urban,North
2026-08-11 09:00:00,Mokola,2036,1.8871405668990158,Clear,Junction,South
2026-08-11 10:00:00,Challenge,949,1.036523521017868,Clear,Highway,Central
2026-08-11 10:00:00,Iwo Road,1170,1.0697637068445998,Clear,Highway,East
2026-08-11 10:00:00,Bodija,545,1.285765640588199,Clear,Highway,West
2026-08-11 10:00:00,Ojoo,434,1.358629863387604,Clear,Highway,North
2026-08-11 10:00:00,Mokola,907,1.048678122690669,Clear,Urban,South
2026-08-11 11:00:00,Challenge,620,1.324064435983881,Clear,Urban,Central
2026-08-11 11:00:00,Iwo Road,898,1.1022974806193202,Clear,Highway,East
2026-08-11 11:00:00,Bodija,1147,1.3162764407600671,Clear,Urban,West
2026-08-11 11:00:00,Ojoo,444,1.235196651785533,Clear,Urban,North
2026-08-11 11:00:00,Mokola,447,1.0709306212895757,Clear,Urban,South
2026-08-11 12:00:00,Challenge,1155,1.231591058621658,Clear,Urban,Central
2026-08-11 12:00:00,Iwo Road,878,1.005544854365144,Clear,Urban,East
2026-08-11 12:00:00,Bodija,536,1.1174139169834643,Clear,Urban,West
2026-08-11 12:00:00,Ojoo,468,1.183407424874806,Clear,Urban,North
2026-08-11 12:00:00,Mokola,1169,1.3264316169373405,Clear,Urban,South
2026-08-11 13:00:00,Challenge,588,1.1148884836820603,Rain,Highway,Central
2026-08-11 13:00:00,Iwo Road,765,1.0228468653481773,Clear,Highway,East
2026-08-11 13:00:00,Bodija,884,1.0552501172560989,Rain,Urban,West
2026-08-11 13:00:00,Ojoo,667,1.1426285303803276,Rain,Highway,North
2026-08-11 13:00:00,Mokola,598,1.12503920996332,Clear,Urban,South
2026-08-11 14:00:00,Challenge,886,1.0334899751381394,Clear,Urban,Central
2026-08-11 14:00:00,Iwo Road,596,1.3063434575538968,Clear,Junction,East
2026-08-11 14:00:00,Bodija,1147,1.021786418946735,Clear,Junction,West
2026-08-11 14:00:00,Ojoo,1033,1.2300242293835257,Clear,Urban,North
2026-08-11 14:00:00,Mokola,1097,1.0588908297642068,Clear,Urban,South
2026-08-11 15:00:00,Challenge,724,1.0928898763605372,Clear,Urban,Central
2026-08-11 15:00:00,Iwo Road,766,1.368605356762967,Rain,Urban,East
2026-08-11 15:00:00,Bodija,414,1.3005115697495067,Rain,Urban,West
2026-08-11 15:00:00,Ojoo,866,1.3825167526053446,Clear,Urban,North
2026-08-11 15:00:00,Mokola,543,1.1944694616419531,Clear,Urban,South
2026-08-11 16:00:00,Challenge,2231,2.1399710724349594,Clear,Urban,Central
2026-08-11 16:00:00,Iwo Road,1672,2.3728283091201163,Rain,Urban,East
2026-08-11 16:00:00,Bodija,2420,2.4206367658174823,Clear,Urban,West
2026-08-11 16:00:00,Ojoo,1625,1.8984551641970506,Clear,Urban,North
2026-08-11 16:00:00,Mokola,2037,1.819214013278169,Clear,Highway,South
2026-08-11 17:00:00,Challenge,1574,2.375276241485966,Clear,Junction,Central
2026-08-11 17:00:00,Iwo Road,1520,2.2143873445397793,Clear,Junction,East
2026-08-11 17:00:00,Bodija,1678,2.451174732003337,Clear,Urban,West
2026-08-11 17:00:00,Ojoo,2404,2.4879068027029696,Clear,Highway,North
2026-08-11 17:00:00,Mokola,2207,2.1624817735384316,Clear,Urban,South
2026-08-11 18:00:00,Challenge,2018,2.245718491550721,Clear,Urban,Central
2026-08-11 18:00:00,Iwo Road,1671,1.7750815298516358,Rain,Urban,East
2026-08-11 18:00:00,Bodija,2428,1.7702762131513194,Clear,Urban,West
2026-08-11 18:00:00,Ojoo,1882,2.0294800714761654,Rain,Junction,North
2026-08-11 18:00:00,Mokola,1502,2.2384499396419475,Clear,Urban,South
2026-08-11 19:00:00,Challenge,1946,2.2350718567320835,Rain,Highway,Central
2026-08-11 19:00:00,Iwo Road,2391,2.252834440211372,Clear,Urban,East
2026-08-11 19:00:00,Bodija,2217,1.893497067261316,Clear,Urban,West
2026-08-11 19:00:00,Ojoo,2061,2.168238379879039,Clear,Urban,North
2026-08-11 19:00:00,Mokola,2058,2.377136147532204,Clear,Junction,South
2026-08-11 20:00:00,Challenge,1100,1.0557016283138816,Clear,Urban,Central
2026-08-11 20:00:00,Iwo Road,400,1.0224648039613253,Clear,Urban,East
2026-08-11 20:00:00,Bodija,748,1.2082175349219433,Clear,Urban,West
2026-08-11 20:00:00,Ojoo,1103,1.2031031352754276,Clear,Junction,North
2026-08-11 20:00:00,Mokola,709,1.189602506379378,Clear,Urban,South
2026-08-11 21:00:00,Challenge,493,1.1660582615970982,Clear,Urban,Central
2026-08-11 21:00:00,Iwo Road,690,1.3580226415999332,Rain,Urban,East
2026-08-11 21:00:00,Bodija,672,1.110747987796805,Clear,Junction,West
2026-08-11 21:00:00,Ojoo,881,1.2985451537252966,Clear,Urban,North
2026-08-11 21:00:00,Mokola,468,1.3682765603114477,Clear,Highway,South
2026-08-11 22:00:00,Challenge,887,1.191481943186209,Rain,Highway,Central
2026-08-11 22:00:00,Iwo Road,1011,1.205191739928363,Clear,Urban,East
2026-08-11 22:00:00,Bodija,556,1.0481454304839943,Clear,Urban,West
2026-08-11 22:00:00,Ojoo,496,1.2822250846598764,Clear,Urban,North
2026-08-11 22:00:00,Mokola,682,1.1499299697399992,Clear,Urban,South
2026-08-11 23:00:00,Challenge,504,1.2997516066896624,Rain,Highway,Central
2026-08-11 23:00:00,Iwo Road,998,1.300104317634926,Clear,Urban,East
2026-08-11 23:00:00,Bodija,839,1.3209607137805297,Clear,Urban,West
2026-08-11 23:00:00,Ojoo,694,1.3260288402703226,Rain,Urban,North
2026-08-11 23:00:00,Mokola,581,1.0039642781964615,Rain,Urban,South
2026-08-12 00:00:00,Challenge,470,1.193292830350174,Heavy Rain,Urban,Central
2026-08-12 00:00:00,Iwo Road,869,1.3130000577521175,Rain,Urban,East
2026-08-12 00:00:00,Bodija,762,1.1068300029825329,Clear,Urban,West
2026-08-12 00:00:00,Ojoo,830,1.1613923876107999,Clear,Urban,North
2026-08-12 00:00:00,Mokola,527,1.3616541410312761,Clear,Junction,South
2026-08-12 01:00:00,Challenge,1093,1.0964660857231048,Clear,Highway,Central
2026-08-12 01:00:00,Iwo Road,482,1.171262069212048,Clear,Urban,East
2026-08-12 01:00:00,Bodija,973,1.1507467521388755,Rain,Junction,West
2026-08-12 01:00:00,Ojoo,812,1.2949639777247783,Clear,Urban,North
2026-08-12 01:00:00,Mokola,557,1.024090777960119,Clear,Urban,South
2026-08-12 02:00:00,Challenge,797,1.2696070139535869,Rain,Junction,Central
2026-08-12 02:00:00,Iwo Road,967,1.1134431693668545,Clear,Highway,East
2026-08-12 02:00:00,Bodija,513,1.0760515065274823,Rain,Urban,West
2026-08-12 02:00:00,Ojoo,720,1.382179276575227,Clear,Urban,North
2026-08-12 02:00:00,Mokola,891,1.1760284300265993,Clear,Urban,South
2026-08-12 03:00:00,Challenge,464,1.3345683691942558,Clear,Highway,Central
2026-08-12 03:00:00,Iwo Road,1098,1.3552765398645215,Clear,Urban,East
2026-08-12 03:00:00,Bodija,561,1.1508215724006794,Clear,Urban,West
2026-08-12 03:00:00,Ojoo,726,1.236888559732576,Clear,Highway,North
2026-08-12 03:00:00,Mokola,480,1.2013380522424615,Rain,Urban,South
2026-08-12 04:00:00,Challenge,739,1.2653450136058724,Clear,Urban,Central
2026-08-12 04:00:00,Iwo Road,610,1.1509452707186603,Clear,Highway,East
2026-08-12 04:00:00,Bodija,809,1.0839590518344924,Clear,Junction,West
2026-08-12 04:00:00,Ojoo,496,1.0172400435793296,Clear,Urban,North
2026-08-12 04:00:00,Mokola,584,1.2823824946320028,Clear,Urban,South
2026-08-12 05:00:00,Challenge,998,1.248096541707565,Clear,Urban,Central
2026-08-12 05:00:00,Iwo Road,946,1.2510675508635234,Clear,Highway,East
2026-08-12 05:00:00,Bodija,568,1.212443798535011,Clear,Urban,West
2026-08-12 05:00:00,Ojoo,686,1.3233072844865112,Clear,Urban,North
2026-08-12 05:00:00,Mokola,669,1.2685624290574946,Rain,Urban,South
2026-08-12 06:00:00,Challenge,489,1.2385868301654175,Rain,Urban,Central
2026-08-12 06:00:00,Iwo Road,608,1.1703990077873712,Heavy Rain,Urban,East
2026-08-12 06:00:00,Bodija,1115,1.2403781938150875,Clear,Urban,West
2026-08-12 06:00:00,Ojoo,1066,1.2850662475946177,Clear,Urban,North
2026-08-12 06:00:00,Mokola,841,1.0720634590930476,Clear,Urban,South
2026-08-12 07:00:00,Challenge,1770,1.7794109405240648,Clear,Highway,Central
2026-08-12 07:00:00,Iwo Road,2485,1.8844911803922735,Clear,Urban,East
2026-08-12 07:00:00,Bodija,1926,1.6783640850195773,Clear,Urban,West
2026-08-12 07:00:00,Ojoo,1865,1.8681795119462594,Clear,Junction,North
2026-08-12 07:00:00,Mokola,1629,1.9575443255564138,Clear,Urban,South
2026-08-12 08:00:00,Challenge,2335,2.4334536038364387,Clear,Junction,Central
2026-08-12 08:00:00,Iwo Road,1667,2.243226107712161,Clear,Urban,East
2026-08-12 08:00:00,Bodija,2424,2.098593929952818,Clear,Highway,West
2026-08-12 08:00:00,Ojoo,1995,1.8713167535129207,Clear,Urban,North
2026-08-12 08:00:00,Mokola,1513,2.2838412925855494,Clear,Junction,South
2026-08-12 09:00:00,Challenge,1903,2.124815041107582,Clear,Highway,Central
2026-08-12 09:00:00,Iwo Road,1704,1.831356422970288,Clear,Urban,East
2026-08-12 09:00:00,Bodija,2030,1.6783983605152908,Clear,Urban,West
2026-08-12 09:00:00,Ojoo,2185,2.4653956589238097,Clear,Urban,North
2026-08-12 09:00:00,Mokola,1949,2.4254985326423766,Clear,Urban,South
2026-08-12 10:00:00,Challenge,987,1.3247226873403544,Clear,Urban,Central
2026-08-12 10:00:00,Iwo Road,966,1.3331749569274645,Heavy Rain,Urban,East
2026-08-12 10:00:00,Bodija,1029,1.2492841492272027,Clear,Urban,West
2026-08-12 10:00:00,Ojoo,588,1.2979300302119652,Clear,Highway,North
2026-08-12 10:00:00,Mokola,517,1.2695024919136357,Clear,Urban,South
2026-08-12 11:00:00,Challenge,533,1.2538976564416118,Clear,Urban,Central
2026-08-12 11:00:00,Iwo Road,1065,1.0816257554186401,Clear,Urban,East
2026-08-12 11:00:00,Bodija,700,1.1521927541972143,Clear,Urban,West
2026-08-12 11:00:00,Ojoo,858,1.245260764441207,Rain,Urban,North
2026-08-12 11:00:00,Mokola,1129,1.2100197360981537,Clear,Urban,South
2026-08-12 12:00:00,Challenge,1009,1.2666926119430357,Clear,Urban,Central
2026-08-12 12:00:00,Iwo Road,977,1.0088343381204719,Clear,Urban,East
2026-08-12 12:00:00,Bodija,736,1.3356398795198445,Clear,Highway,West
2026-08-12 12:00:00,Ojoo,1098,1.375485854149614,Clear,Urban,North
2026-08-12 12:00:00,Mokola,911,1.390164147073898,Clear,Urban,South
2026-08-12 13:00:00,Challenge,908,1.206270620430829,Clear,Highway,Central
2026-08-12 13:00:00,Iwo Road,417,1.1311371351543273,Rain,Urban,East
2026-08-12 13:00:00,Bodija,450,1.0766944869561066,Clear,Urban,West
2026-08-12 13:00:00,Ojoo,483,1.3478598739248684,Clear,Urban,North
2026-08-12 13:00:00,Mokola,842,1.2721537655050088,Clear,Urban,South
2026-08-12 14:00:00,Challenge,980,1.282641651597687,Clear,Urban,Central
2026-08-12 14:00:00,Iwo Road,492,1.1145894950978334,Clear,Urban,East
2026-08-12 14:00:00,Bodija,666,1.281734126382872,Rain,Urban,West
2026-08-12 14:00:00,Ojoo,1030,1.381248045757655,Clear,Junction,North
2026-08-12 14:00:00,Mokola,763,1.037085924324108,Clear,Urban,South
2026-08-12 15:00:00,Challenge,1056,1.3167565295182917,Rain,Urban,Central
2026-08-12 15:00:00,Iwo Road,915,1.0698359404988746,Clear,Urban,East
2026-08-12 15:00:00,Bodija,520,1.3879275458535139,Clear,Junction,West
2026-08-12 15:00:00,Ojoo,480,1.2884529429427294,Clear,Urban,North
2026-08-12 15:00:00,Mokola,666,1.2493518263839627,Clear,Urban,South
2026-08-12 16:00:00,Challenge,2019,1.8516726866438857,Clear,Urban,Central
2026-08-12 16:00:00,Iwo Road,1968,2.324656957624339,Clear,Highway,East
2026-08-12 16:00:00,Bodija,1959,2.0560172117686024,Rain,Urban,West
2026-08-12 16:00:00,Ojoo,2353,2.102354065501397,Clear,Junction,North
2026-08-12 16:00:00,Mokola,1715,1.949050842613985,Clear,Urban,South
2026-08-12 17:00:00,Challenge,1793,1.6330416491347601,Clear,Urban,Central
2026-08-12 17:00:00,Iwo Road,1874,1.636840549936911,Clear,Urban,East
2026-08-12 17:00:00,Bodija,1793,2.036516188771637,Clear,Junction,West
2026-08-12 17:00:00,Ojoo,1747,1.7616398032960865,Clear,Urban,North
2026-08-12 17:00:00,Mokola,2300,1.9862345427624897,Clear,Highway,South
2026-08-12 18:00:00,Challenge,1851,2.3611006141888944,Clear,Urban,Central
2026-08-12 18:00:00,Iwo Road,1679,1.940194634763538,Heavy Rain,Urban,East
2026-08-12 18:00:00,Bodija,2290,1.6328149457430567,Clear,Urban,West
2026-08-12 18:00:00,Ojoo,1976,2.2471680584597307,Clear,Junction,North
2026-08-12 18:00:00,Mokola,1757,1.8361675388403718,Clear,Highway,South
2026-08-12 19:00:00,Challenge,2302,2.3747190432239456,Clear,Urban,Central
2026-08-12 19:00:00,Iwo Road,2265,1.883979862596822,Clear,Urban,East
2026-08-12 19:00:00,Bodija,2405,1.9638174778963353,Heavy Rain,Urban,West
2026-08-12 19:00:00,Ojoo,1717,2.3785639894378545,Clear,Urban,North
2026-08-12 19:00:00,Mokola,2335,2.3633633484519523,Clear,Urban,South
2026-08-12 20:00:00,Challenge,678,1.1060834147987317,Clear,Highway,Central
2026-08-12 20:00:00,Iwo Road,945,1.022489717940389,Clear,Junction,East
2026-08-12 20:00:00,Bodija,404,1.06583970947983,Clear,Urban,West
2026-08-12 20:00:00,Ojoo,658,1.340819366321877,Clear,Urban,North
2026-08-12 20:00:00,Mokola,987,1.3624934077740554,Clear,Urban,South
2026-08-12 21:00:00,Challenge,884,1.2412852248398016,Clear,Urban,Central
2026-08-12 21:00:00,Iwo Road,681,1.34038075976272,Clear,Highway,East
2026-08-12 21:00:00,Bodija,653,1.306538885241861,Clear,Urban,West
2026-08-12 21:00:00,Ojoo,916,1.0767821755982903,Clear,Urban,North
2026-08-12 21:00:00,Mokola,765,1.1238766844420756,Clear,Junction,South
2026-08-12 22:00:00,Challenge,439,1.160949220288987,Clear,Urban,Central
2026-08-12 22:00:00,Iwo Road,1139,1.3025804351955648,Clear,Urban,East
2026-08-12 22:00:00,Bodija,425,1.377683535338443,Heavy Rain,Urban,West
2026-08-12 22:00:00,Ojoo,636,1.0591833336437624,Heavy Rain,Urban,North
2026-08-12 22:00:00,Mokola,1062,1.3808382606611693,Clear,Junction,South
2026-08-12 23:00:00,Challenge,1015,1.226166375901015,Clear,Highway,Central
2026-08-12 23:00:00,Iwo Road,1001,1.3266620972806493,Rain,Highway,East
2026-08-12 23:00:00,Bodija,923,1.1612125245130946,Clear,Urban,West
2026-08-12 23:00:00,Ojoo,498,1.0534782617597744,Rain,Urban,North
2026-08-12 23:00:00,Mokola,1017,1.195247017373494,Rain,Highway,South
2026-08-13 00:00:00,Challenge,821,1.1102267105236714,Clear,Urban,Central
2026-08-13 00:00:00,Iwo Road,599,1.369465935019861,Heavy Rain,Highway,East
2026-08-13 00:00:00,Bodija,1054,1.2954184213587854,Clear,Urban,West
2026-08-13 00:00:00,Ojoo,706,1.081395197822125,Heavy Rain,Junction,North
2026-08-13 00:00:00,Mokola,680,1.1620594214713627,Clear,Urban,South
2026-08-13 01:00:00,Challenge,920,1.3478134687259917,Clear,Junction,Central
2026-08-13 01:00:00,Iwo Road,462,1.261434708017768,Clear,Urban,East
2026-08-13 01:00:00,Bodija,824,1.0533377869265481,Clear,Urban,West
2026-08-13 01:00:00,Ojoo,735,1.0233831948947507,Clear,Urban,North
2026-08-13 01:00:00,Mokola,566,1.2654970954501548,Clear,Junction,South
2026-08-13 02:00:00,Challenge,1085,1.353737371188515,Clear,Urban,Central
2026-08-13 02:00:00,Iwo Road,693,1.3182640922645767,Clear,Urban,East
2026-08-13 02:00:00,Bodija,598,1.1025652110795767,Rain,Highway,West
2026-08-13 02:00:00,Ojoo,781,1.0153603509305378,Clear,Junction,North
2026-08-13 02:00:00,Mokola,450,1.2057958409248155,Rain,Urban,South
2026-08-13 03:00:00,Challenge,873,1.2328280524496893,Rain,Urban,Central
2026-08-13 03:00:00,Iwo Road,851,1.375550790056909,Clear,Urban,East
2026-08-13 03:00:00,Bodija,1106,1.27886650171614,Clear,Urban,West
2026-08-13 03:00:00,Ojoo,902,1.1707433315180358,Clear,Highway,North
2026-08-13 03:00:00,Mokola,1107,1.3510997619450498,Clear,Urban,South
2026-08-13 04:00:00,Challenge,483,1.0218441212853877,Heavy Rain,Urban,Central
2026-08-13 04:00:00,Iwo Road,544,1.187762736795703,Rain,Urban,East
2026-08-13 04:00:00,Bodija,801,1.0702688399823643,Clear,Urban,West
2026-08-13 04:00:00,Ojoo,418,1.1886505460781047,Clear,Highway,North
2026-08-13 04:00:00,Mokola,979,1.1503409860727918,Rain,Highway,South
2026-08-13 05:00:00,Challenge,441,1.1316922461365577,Clear,Urban,Central
2026-08-13 05:00:00,Iwo Road,921,1.2838685374018097,Heavy Rain,Highway,East
2026-08-13 05:00:00,Bodija,791,1.0498589715971254,Heavy Rain,Urban,West
2026-08-13 05:00:00,Ojoo,429,1.0157447519278917,Clear,Urban,North
2026-08-13 05:00:00,Mokola,1096,1.0755176111093778,Clear,Junction,South
2026-08-13 06:00:00,Challenge,570,1.0108426609344932,Rain,Highway,Central
2026-08-13 06:00:00,Iwo Road,1008,1.2273727817322013,Rain,Junction,East
2026-08-13 06:00:00,Bodija,1019,1.1556834474493756,Rain,Urban,West
2026-08-13 06:00:00,Ojoo,618,1.246027901605879,Rain,Junction,North
2026-08-13 06:00:00,Mokola,771,1.1811299221137306,Clear,Junction,South
2026-08-13 07:00:00,Challenge,2131,2.0250236490506426,Clear,Junction,Central
2026-08-13 07:00:00,Iwo Road,1518,1.9644717286385696,Heavy Rain,Highway,East
2026-08-13 07:00:00,Bodija,1776,1.9530403373711924,Clear,Urban,West
2026-08-13 07:00:00,Ojoo,1736,2.059414118211797,Clear,Urban,North
2026-08-13 07:00:00,Mokola,1608,2.3827131910092962,Clear,Urban,South
2026-08-13 08:00:00,Challenge,1697,1.9013904611232866,Clear,Junction,Central
2026-08-13 08:00:00,Iwo Road,2348,2.1626945125282946,Rain,Urban,East
2026-08-13 08:00:00,Bodija,1617,1.745302917429629,Heavy Rain,Urban,West
2026-08-13 08:00:00,Ojoo,1516,1.621637113629794,Clear,Urban,North
2026-08-13 08:00:00,Mokola,1518,2.2598443403231196,Heavy Rain,Urban,South
2026-08-13 09:00:00,Challenge,2262,1.813043775260383,Rain,Highway,Central
2026-08-13 09:00:00,Iwo Road,1887,2.479710906865458,Rain,Urban,East
2026-08-13 09:00:00,Bodija,2227,1.653145130012445,Clear,Highway,West
2026-08-13 09:00:00,Ojoo,2336,2.06365032554793,Heavy Rain,Urban,North
2026-08-13 09:00:00,Mokola,2028,2.3666613332549993,Rain,Highway,South
2026-08-13 10:00:00,Challenge,1040,1.1387835801510344,Clear,Urban,Central
2026-08-13 10:00:00,Iwo Road,1099,1.317605780106385,Clear,Urban,East
2026-08-13 10:00:00,Bodija,475,1.2821960098692466,Clear,Urban,West
2026-08-13 10:00:00,Ojoo,921,1.1043396983848355,Clear,Urban,North
2026-08-13 10:00:00,Mokola,545,1.3379190324752583,Clear,Urban,South
2026-08-13 11:00:00,Challenge,1078,1.349007980731745,Clear,Urban,Central
2026-08-13 11:00:00,Iwo Road,878,1.2872056712508004,Clear,Highway,East
2026-08-13 11:00:00,Bodija,437,1.1049940031602363,Clear,Urban,West
2026-08-13 11:00:00,Ojoo,599,1.386693691014043,Heavy Rain,Urban,North
2026-08-13 11:00:00,Mokola,1131,1.276049247072803,Rain,Urban,South
2026-08-13 12:00:00,Challenge,811,1.1283988182563591,Clear,Urban,Central
2026-08-13 12:00:00,Iwo Road,678,1.047812347818831,Clear,Highway,East
2026-08-13 12:00:00,Bodija,862,1.154515082058218,Clear,Urban,West
2026-08-13 12:00:00,Ojoo,539,1.379408131005566,Clear,Highway,North
2026-08-13 12:00:00,Mokola,779,1.389961709124094,Clear,Urban,South
2026-08-13 13:00:00,Challenge,507,1.3933363073656906,Clear,Urban,Central
2026-08-13 13:00:00,Iwo Road,878,1.3399785983780754,Clear,Urban,East
2026-08-13 13:00:00,Bodija,1073,1.0256378844144702,Clear,Urban,West
2026-08-13 13:00:00,Ojoo,817,1.3366488030171095,Clear,Urban,North
2026-08-13 13:00:00,Mokola,815,1.0870351759726578,Clear,Junction,South
2026-08-13 14:00:00,Challenge,978,1.0275711512538594,Clear,Urban,Central
2026-08-13 14:00:00,Iwo Road,668,1.2179204341104393,Clear,Urban,East
2026-08-13 14:00:00,Bodija,928,1.1084569013522352,Rain,Urban,West
2026-08-13 14:00:00,Ojoo,1130,1.2036541651686397,Clear,Urban,North
2026-08-13 14:00:00,Mokola,551,1.3818665427516275,Rain,Urban,South
2026-08-13 15:00:00,Challenge,567,1.2866425195840123,Clear,Urban,Central
2026-08-13 15:00:00,Iwo Road,872,1.3110911640271172,Rain,Urban,East
2026-08-13 15:00:00,Bodija,1066,1.2577940246082375,Clear,Urban,West
2026-08-13 15:00:00,Ojoo,1169,1.003931021027915,Clear,Urban,North
2026-08-13 15:00:00,Mokola,570,1.346493148107068,Clear,Highway,South
2026-08-13 16:00:00,Challenge,2334,1.8645250844544403,Clear,Urban,Central
2026-08-13 16:00:00,Iwo Road,1583,2.3666113047944877,Clear,Highway,East
2026-08-13 16:00:00,Bodija,1992,2.1487137174482,Rain,Highway,West
2026-08-13 16:00:00,Ojoo,1539,1.988089436377896,Clear,Highway,North
2026-08-13 16:00:00,Mokola,2387,1.900398937362818,Clear,Urban,South
2026-08-13 17:00:00,Challenge,1683,2.0921930564086897,Clear,Urban,Central
2026-08-13 17:00:00,Iwo Road,2042,1.8095727011884848,Clear,Urban,East
2026-08-13 17:00:00,Bodija,2308,1.7121520471104947,Clear,Highway,West
2026-08-13 17:00:00,Ojoo,1963,2.0175868756963427,Clear,Junction,North
2026-08-13 17:00:00,Mokola,1894,1.7471984150771687,Clear,Urban,South
2026-08-13 18:00:00,Challenge,1665,2.327161595298117,Rain,Highway,Central
2026-08-13 18:00:00,Iwo Road,2263,1.6348812419987644,Clear,Urban,East
2026-08-13 18:00:00,Bodija,1788,2.0125271314836755,Clear,Highway,West
2026-08-13 18:00:00,Ojoo,1665,1.6767415074505096,Rain,Urban,North
2026-08-13 18:00:00,Mokola,2331,2.090885155190542,Clear,Urban,South
2026-08-13 19:00:00,Challenge,1581,1.7982946540938243,Clear,Urban,Central
2026-08-13 19:00:00,Iwo Road,2109,2.3894148057086513,Clear,Urban,East
2026-08-13 19:00:00,Bodija,2326,2.4195984958454995,Clear,Highway,West
2026-08-13 19:00:00,Ojoo,2159,2.163449238082721,Clear,Highway,North
2026-08-13 19:00:00,Mokola,2422,1.7978757607320792,Clear,Urban,South
2026-08-13 20:00:00,Challenge,586,1.1540232222875846,Rain,Urban,Central
2026-08-13 20:00:00,Iwo Road,623,1.2841406002849327,Clear,Urban,East
2026-08-13 20:00:00,Bodija,748,1.3432827163908119,Clear,Urban,West
2026-08-13 20:00:00,Ojoo,402,1.3156384446595026,Clear,Urban,North
2026-08-13 20:00:00,Mokola,841,1.0299840173880053,Clear,Urban,South
2026-08-13 21:00:00,Challenge,501,1.390240767662661,Clear,Urban,Central
2026-08-13 21:00:00,Iwo Road,737,1.3517297853450243,Clear,Urban,East
2026-08-13 21:00:00,Bodija,811,1.392993032240499,Rain,Urban,West
2026-08-13 21:00:00,Ojoo,1102,1.144917396000082,Rain,Urban,North
2026-08-13 21:00:00,Mokola,980,1.34333217271237,Clear,Urban,South
2026-08-13 22:00:00,Challenge,814,1.2564344414328636,Clear,Urban,Central
2026-08-13 22:00:00,Iwo Road,448,1.1352923869269138,Rain,Junction,East
2026-08-13 22:00:00,Bodija,788,1.142113589694769,Clear,Urban,West
2026-08-13 22:00:00,Ojoo,629,1.122772429192493,Clear,Urban,North
2026-08-13 22:00:00,Mokola,670,1.2622039887384449,Clear,Urban,South
2026-08-13 23:00:00,Challenge,446,1.3563328593158532,Clear,Urban,Central
2026-08-13 23:00:00,Iwo Road,548,1.3477409203969388,Clear,Urban,East
2026-08-13 23:00:00,Bodija,757,1.335535734706108,Rain,Urban,West
2026-08-13 23:00:00,Ojoo,1028,1.2686640923991594,Clear,Urban,North
2026-08-13 23:00:00,Mokola,847,1.2882900448106716,Clear,Urban,South
2026-08-14 00:00:00,Challenge,897,1.1369580493183438,Clear,Highway,Central
2026-08-14 00:00:00,Iwo Road,1065,1.3012475388718696,Clear,Urban,East
2026-08-14 00:00:00,Bodija,764,1.0736994606290697,Clear,Urban,West
2026-08-14 00:00:00,Ojoo,1143,1.049948030762369,Clear,Highway,North
2026-08-14 00:00:00,Mokola,558,1.327798274154421,Clear,Urban,South
2026-08-14 01:00:00,Challenge,910,1.3979099818295624,Heavy Rain,Urban,Central
2026-08-14 01:00:00,Iwo Road,619,1.2862482867887142,Clear,Urban,East
2026-08-14 01:00:00,Bodija,441,1.1409924187773404,Clear,Highway,West
2026-08-14 01:00:00,Ojoo,936,1.303695591862798,Clear,Highway,North
2026-08-14 01:00:00,Mokola,825,1.0736405293443827,Clear,Urban,South
2026-08-14 02:00:00,Challenge,1036,1.12892992978777,Rain,Highway,Central
2026-08-14 02:00:00,Iwo Road,481,1.3337833011424385,Clear,Urban,East
2026-08-14 02:00:00,Bodija,502,1.3801228054944725,Clear,Highway,West
2026-08-14 02:00:00,Ojoo,1162,1.3831884265929815,Clear,Urban,North
2026-08-14 02:00:00,Mokola,894,1.3155708095795517,Rain,Urban,South
2026-08-14 03:00:00,Challenge,891,1.01923158739458,Clear,Highway,Central
2026-08-14 03:00:00,Iwo Road,857,1.303590732741612,Clear,Junction,East
2026-08-14 03:00:00,Bodija,415,1.3014880706248517,Clear,Urban,West
2026-08-14 03:00:00,Ojoo,670,1.2733717660629083,Clear,Urban,North
2026-08-14 03:00:00,Mokola,514,1.3646531654833902,Rain,Highway,South
2026-08-14 04:00:00,Challenge,474,1.116899582695755,Clear,Urban,Central
2026-08-14 04:00:00,Iwo Road,614,1.333213705576428,Clear,Urban,East
2026-08-14 04:00:00,Bodija,448,1.3583262926240778,Clear,Urban,West
2026-08-14 04:00:00,Ojoo,854,1.0892345338115899,Clear,Urban,North
2026-08-14 04:00:00,Mokola,1199,1.2707280174520188,Clear,Highway,South
2026-08-14 05:00:00,Challenge,511,1.3273231270701211,Clear,Urban,Central
2026-08-14 05:00:00,Iwo Road,991,1.169177417496623,Rain,Highway,East
2026-08-14 05:00:00,Bodija,933,1.180946703682628,Clear,Urban,West
2026-08-14 05:00:00,Ojoo,755,1.0667394312822311,Rain,Urban,North
2026-08-14 05:00:00,Mokola,833,1.0498460252756499,Clear,Urban,South
2026-08-14 06:00:00,Challenge,1011,1.2730684609851037,Clear,Urban,Central
2026-08-14 06:00:00,Iwo Road,1001,1.1822267127960435,Rain,Urban,East
2026-08-14 06:00:00,Bodija,472,1.1699133366096746,Clear,Highway,West
2026-08-14 06:00:00,Ojoo,575,1.2697174294800098,Heavy Rain,Junction,North
2026-08-14 06:00:00,Mokola,894,1.3548170977787848,Clear,Urban,South
2026-08-14 07:00:00,Challenge,1622,2.419176511730227,Clear,Urban,Central
2026-08-14 07:00:00,Iwo Road,1890,1.7959738343506197,Clear,Urban,East
2026-08-14 07:00:00,Bodija,2005,2.442558907749855,Rain,Highway,West
2026-08-14 07:00:00,Ojoo,2312,1.815399057892623,Clear,Urban,North
2026-08-14 07:00:00,Mokola,2157,1.8411975401959402,Rain,Urban,South
2026-08-14 08:00:00,Challenge,1961,1.9145705210524584,Clear,Urban,Central
2026-08-14 08:00:00,Iwo Road,1834,1.9377892111957125,Clear,Highway,East
2026-08-14 08:00:00,Bodija,1671,2.4083318003380905,Rain,Junction,West
2026-08-14 08:00:00,Ojoo,2125,2.1364392359298825,Clear,Highway,North
2026-08-14 08:00:00,Mokola,2221,2.4213445241947995,Clear,Highway,South
2026-08-14 09:00:00,Challenge,1812,1.79028813219902,Clear,Urban,Central
2026-08-14 09:00:00,Iwo Road,1591,1.8131178269105621,Clear,Urban,East
2026-08-14 09:00:00,Bodija,2400,1.722171267789911,Heavy Rain,Junction,West
2026-08-14 09:00:00,Ojoo,1531,2.2609150318017663,Clear,Urban,North
2026-08-14 09:00:00,Mokola,1528,2.334360210473686,Clear,Highway,South
2026-08-14 10:00:00,Challenge,785,1.392553333696512,Clear,Urban,Central
2026-08-14 10:00:00,Iwo Road,540,1.3624403714721702,Clear,Highway,East
2026-08-14 10:00:00,Bodija,1041,1.0280274782884757,Clear,Highway,West
2026-08-14 10:00:00,Ojoo,446,1.371505368482197,Clear,Urban,North
2026-08-14 10:00:00,Mokola,457,1.0252732387440906,Clear,Junction,South
2026-08-14 11:00:00,Challenge,782,1.1444864235903247,Clear,Highway,Central
2026-08-14 11:00:00,Iwo Road,853,1.2328949795210344,Clear,Highway,East
2026-08-14 11:00:00,Bodija,712,1.3264227028457294,Clear,Urban,West
2026-08-14 11:00:00,Ojoo,1097,1.3564086731868845,Rain,Urban,North
2026-08-14 11:00:00,Mokola,922,1.252007472247531,Clear,Highway,South
2026-08-14 12:00:00,Challenge,1015,1.0115204722186075,Clear,Urban,Central
2026-08-14 12:00:00,Iwo Road,1025,1.1381058208228212,Clear,Urban,East
2026-08-14 12:00:00,Bodija,1009,1.0650044261189826,Heavy Rain,Urban,West
2026-08-14 12:00:00,Ojoo,680,1.2657357466422727,Clear,Highway,North
2026-08-14 12:00:00,Mokola,610,1.0034476010367122,Clear,Urban,South
2026-08-14 13:00:00,Challenge,1101,1.2100615576446514,Clear,Urban,Central
2026-08-14 13:00:00,Iwo Road,1099,1.2872272644803442,Clear,Urban,East
2026-08-14 13:00:00,Bodija,766,1.392902424374646,Clear,Highway,West
2026-08-14 13:00:00,Ojoo,471,1.094688190341533,Clear,Urban,North
2026-08-14 13:00:00,Mokola,681,1.2390529759475601,Clear,Highway,South
2026-08-14 14:00:00,Challenge,1018,1.1792341949132306,Clear,Urban,Central
2026-08-14 14:00:00,Iwo Road,1197,1.364691139336653,Clear,Urban,East
2026-08-14 14:00:00,Bodija,1087,1.1943542424758453,Clear,Junction,West
2026-08-14 14:00:00,Ojoo,957,1.3617811246249976,Clear,Urban,North
2026-08-14 14:00:00,Mokola,824,1.1969468194804995,Clear,Urban,South
2026-08-14 15:00:00,Challenge,585,1.3659368599406618,Clear,Junction,Central
2026-08-14 15:00:00,Iwo Road,1051,1.252617751470464,Clear,Highway,East
2026-08-14 15:00:00,Bodija,854,1.0597745034073176,Rain,Urban,West
2026-08-14 15:00:00,Ojoo,793,1.3111939886283746,Clear,Highway,North
2026-08-14 15:00:00,Mokola,1180,1.3734321824026756,Rain,Highway,South
2026-08-14 16:00:00,Challenge,1630,1.6757917100593887,Heavy Rain,Urban,Central
2026-08-14 16:00:00,Iwo Road,1931,2.168005325103011,Clear,Urban,East
2026-08-14 16:00:00,Bodija,1828,1.7573064890950294,Clear,Urban,West
2026-08-14 16:00:00,Ojoo,2105,2.0316625870700125,Heavy Rain,Highway,North
2026-08-14 16:00:00,Mokola,1528,2.4032221845568102,Clear,Urban,South
2026-08-14 17:00:00,Challenge,1672,1.9662085882515652,Clear,Urban,Central
2026-08-14 17:00:00,Iwo Road,1638,2.216252647492904,Clear,Urban,East
2026-08-14 17:00:00,Bodija,2154,1.9700145504334414,Clear,Highway,West
2026-08-14 17:00:00,Ojoo,2341,1.693273053832716,Clear,Urban,North
2026-08-14 17:00:00,Mokola,2163,1.606382631496934,Clear,Urban,South
2026-08-14 18:00:00,Challenge,2293,2.4822350870348493,Clear,Urban,Central
2026-08-14 18:00:00,Iwo Road,1803,1.6403745018649454,Clear,Urban,East
2026-08-14 18:00:00,Bodija,1892,2.161369353478836,Clear,Highway,West
2026-08-14 18:00:00,Ojoo,1782,2.4524376424057195,Clear,Urban,North
2026-08-14 18:00:00,Mokola,1855,1.6726027906520597,Clear,Urban,South
2026-08-14 19:00:00,Challenge,2005,2.442843998179203,Rain,Urban,Central
2026-08-14 19:00:00,Iwo Road,1747,2.0878243626997417,Heavy Rain,Highway,East
2026-08-14 19:00:00,Bodija,1584,2.4570340705260914,Clear,Highway,West
2026-08-14 19:00:00,Ojoo,2227,2.4684357413516436,Clear,Urban,North
2026-08-14 19:00:00,Mokola,1614,2.4643300971599174,Clear,Highway,South
2026-08-14 20:00:00,Challenge,529,1.2805454241241765,Clear,Highway,Central
2026-08-14 20:00:00,Iwo Road,500,1.3290629873921709,Clear,Urban,East
2026-08-14 20:00:00,Bodija,419,1.1995871776883171,Clear,Urban,West
2026-08-14 20:00:00,Ojoo,785,1.306217347875681,Clear,Urban,North
2026-08-14 20:00:00,Mokola,722,1.2593027816311286,Clear,Urban,South
2026-08-14 21:00:00,Challenge,959,1.0628815534227818,Heavy Rain,Urban,Central
2026-08-14 21:00:00,Iwo Road,660,1.2339723575914887,Clear,Highway,East
2026-08-14 21:00:00,Bodija,786,1.2489211916296103,Rain,Urban,West
2026-08-14 21:00:00,Ojoo,503,1.3013902421785921,Clear,Urban,North
2026-08-14 21:00:00,Mokola,907,1.3260061266704593,Clear,Urban,South
2026-08-14 22:00:00,Challenge,950,1.385237652359121,Rain,Urban,Central
2026-08-14 22:00:00,Iwo Road,571,1.0515610340293995,Clear,Highway,East
2026-08-14 22:00:00,Bodija,988,1.3843317668320752,Rain,Urban,West
2026-08-14 22:00:00,Ojoo,724,1.094273013830354,Clear,Urban,North
2026-08-14 22:00:00,Mokola,704,1.1540424491959682,Clear,Highway,South
2026-08-14 23:00:00,Challenge,710,1.1710167421438848,Clear,Urban,Central
2026-08-14 23:00:00,Iwo Road,1062,1.3412703249031201,Clear,Highway,East
2026-08-14 23:00:00,Bodija,1188,1.3744652166203986,Clear,Junction,West
2026-08-14 23:00:00,Ojoo,797,1.211706979257436,Clear,Urban,North
2026-08-14 23:00:00,Mokola,839,1.1887610042258092,Clear,Urban,South
2026-08-15 00:00:00,Challenge,1142,1.2216750604019164,Clear,Junction,Central
2026-08-15 00:00:00,Iwo Road,416,1.3671090609977758,Rain,Urban,East
2026-08-15 00:00:00,Bodija,945,1.1336182193679838,Clear,Urban,West
2026-08-15 00:00:00,Ojoo,922,1.1220398747278106,Clear,Urban,North
2026-08-15 00:00:00,Mokola,782,1.0841838688706136,Clear,Urban,South
2026-08-15 01:00:00,Challenge,415,1.2206849488079867,Clear,Urban,Central
2026-08-15 01:00:00,Iwo Road,1089,1.13150405102178,Clear,Highway,East
2026-08-15 01:00:00,Bodija,533,1.1831058450816536,Rain,Urban,West
2026-08-15 01:00:00,Ojoo,1003,1.265613213244527,Clear,Urban,North
2026-08-15 01:00:00,Mokola,502,1.1354931823097725,Clear,Urban,South
2026-08-15 02:00:00,Challenge,625,1.2333704860576364,Clear,Urban,Central
2026-08-15 02:00:00,Iwo Road,905,1.3497592126833322,Clear,Urban,East
2026-08-15 02:00:00,Bodija,714,1.3623646684938588,Clear,Highway,West
2026-08-15 02:00:00,Ojoo,631,1.0937480362711502,Clear,Highway,North
2026-08-15 02:00:00,Mokola,1102,1.3905958644591547,Clear,Junction,South
2026-08-15 03:00:00,Challenge,737,1.0508899547748043,Rain,Urban,Central
2026-08-15 03:00:00,Iwo Road,626,1.3956501276434934,Clear,Urban,East
2026-08-15 03:00:00,Bodija,866,1.0808323744346082,Clear,Urban,West
2026-08-15 03:00:00,Ojoo,1178,1.320909478858991,Rain,Urban,North
2026-08-15 03:00:00,Mokola,998,1.046062314961148,Clear,Urban,South
2026-08-15 04:00:00,Challenge,1076,1.3025240387921175,Clear,Highway,Central
2026-08-15 04:00:00,Iwo Road,529,1.2482227388093834,Clear,Urban,East
2026-08-15 04:00:00,Bodija,565,1.2549609924836886,Rain,Urban,West
2026-08-15 04:00:00,Ojoo,903,1.3924390498054038,Clear,Highway,North
2026-08-15 04:00:00,Mokola,673,1.0672472390390901,Clear,Urban,South
2026-08-15 05:00:00,Challenge,882,1.0699535744779451,Clear,Highway,Central
2026-08-15 05:00:00,Iwo Road,477,1.2021414672951305,Clear,Urban,East
2026-08-15 05:00:00,Bodija,570,1.3982476238490826,Clear,Urban,West
2026-08-15 05:00:00,Ojoo,771,1.1204702347989435,Clear,Urban,North
2026-08-15 05:00:00,Mokola,659,1.024669833448383,Clear,Urban,South
2026-08-15 06:00:00,Challenge,818,1.0223705400512904,Clear,Highway,Central
2026-08-15 06:00:00,Iwo Road,642,1.1117357941106238,Clear,Highway,East
2026-08-15 06:00:00,Bodija,917,1.2108030498326134,Clear,Highway,West
2026-08-15 06:00:00,Ojoo,636,1.132663137670807,Clear,Urban,North
2026-08-15 06:00:00,Mokola,879,1.0465326908533046,Heavy Rain,Highway,South
2026-08-15 07:00:00,Challenge,2476,1.6141263150366518,Clear,Highway,Central
2026-08-15 07:00:00,Iwo Road,1782,1.7310657820348812,Clear,Urban,East
2026-08-15 07:00:00,Bodija,1789,2.4998643200377604,Clear,Urban,West
2026-08-15 07:00:00,Ojoo,1523,1.8190983550888697,Rain,Urban,North
2026-08-15 07:00:00,Mokola,2167,2.14983374873513,Clear,Urban,South
2026-08-15 08:00:00,Challenge,2406,2.1852295639842954,Clear,Junction,Central
2026-08-15 08:00:00,Iwo Road,2295,2.0353217408321145,Clear,Urban,East
2026-08-15 08:00:00,Bodija,2147,2.0468638800075443,Clear,Urban,West
2026-08-15 08:00:00,Ojoo,1974,2.438493324783117,Clear,Urban,North
2026-08-15 08:00:00,Mokola,1827,1.9298960686413036,Clear,Highway,South
2026-08-15 09:00:00,Challenge,2237,1.9254465865828507,Clear,Urban,Central
2026-08-15 09:00:00,Iwo Road,2370,1.6952245223708629,Clear,Highway,East
2026-08-15 09:00:00,Bodija,2143,1.6633648261622629,Clear,Urban,West
2026-08-15 09:00:00,Ojoo,2241,2.420207634594768,Clear,Highway,North
2026-08-15 09:00:00,Mokola,1749,2.358830378526771,Clear,Urban,South
2026-08-15 10:00:00,Challenge,870,1.3575892229850017,Rain,Highway,Central
2026-08-15 10:00:00,Iwo Road,802,1.2962038084873273,Rain,Urban,East
2026-08-15 10:00:00,Bodija,572,1.3189682215766656,Clear,Highway,West
2026-08-15 10:00:00,Ojoo,802,1.356749252003364,Clear,Urban,North
2026-08-15 10:00:00,Mokola,473,1.1601319473643033,Clear,Urban,South
2026-08-15 11:00:00,Challenge,612,1.2692445392498115,Heavy Rain,Urban,Central
2026-08-15 11:00:00,Iwo Road,738,1.3406148687591701,Clear,Junction,East
2026-08-15 11:00:00,Bodija,858,1.3612111493971246,Clear,Urban,West
2026-08-15 11:00:00,Ojoo,1162,1.1212263044700406,Clear,Urban,North
2026-08-15 11:00:00,Mokola,1112,1.265769514637071,Clear,Urban,South
2026-08-15 12:00:00,Challenge,635,1.2610912495108897,Clear,Urban,Central
2026-08-15 12:00:00,Iwo Road,1022,1.3397879606334648,Clear,Urban,East
2026-08-15 12:00:00,Bodija,879,1.3048750044776327,Clear,Urban,West
2026-08-15 12:00:00,Ojoo,951,1.0566468979946468,Clear,Urban,North
2026-08-15 12:00:00,Mokola,697,1.180886040040687,Clear,Urban,South
2026-08-15 13:00:00,Challenge,598,1.2871482322207712,Heavy Rain,Urban,Central
2026-08-15 13:00:00,Iwo Road,722,1.1400746097327845,Clear,Urban,East
2026-08-15 13:00:00,Bodija,701,1.0070855402437555,Clear,Highway,West
2026-08-15 13:00:00,Ojoo,1074,1.3111637626994146,Clear,Urban,North
2026-08-15 13:00:00,Mokola,618,1.005405456922473,Clear,Urban,South
2026-08-15 14:00:00,Challenge,672,1.3554568455346068,Clear,Urban,Central
2026-08-15 14:00:00,Iwo Road,1132,1.111009121960957,Rain,Urban,East
2026-08-15 14:00:00,Bodija,804,1.125825660370946,Clear,Urban,West
2026-08-15 14:00:00,Ojoo,514,1.2038035492896808,Clear,Urban,North
2026-08-15 14:00:00,Mokola,701,1.1769341832200861,Clear,Urban,South
2026-08-15 15:00:00,Challenge,411,1.3485954167029552,Clear,Junction,Central
2026-08-15 15:00:00,Iwo Road,845,1.2152378656484444,Clear,Urban,East
2026-08-15 15:00:00,Bodija,759,1.1657736187873324,Rain,Junction,West
2026-08-15 15:00:00,Ojoo,1179,1.0989851924932585,Clear,Urban,North
2026-08-15 15:00:00,Mokola,634,1.3223055673173325,Rain,Urban,South
2026-08-15 16:00:00,Challenge,1976,2.482004916877135,Clear,Urban,Central
2026-08-15 16:00:00,Iwo Road,1602,2.0663851589642688,Clear,Urban,East
2026-08-15 16:00:00,Bodija,2373,2.0021053088573906,Clear,Junction,West
2026-08-15 16:00:00,Ojoo,1853,2.4505153848236447,Clear,Highway,North
2026-08-15 16:00:00,Mokola,2163,2.415417163939927,Clear,Urban,South
2026-08-15 17:00:00,Challenge,2125,2.1239303225332677,Clear,Highway,Central
2026-08-15 17:00:00,Iwo Road,1962,1.6540977004705564,Rain,Urban,East
2026-08-15 17:00:00,Bodija,1522,2.4419707204829715,Rain,Urban,West
2026-08-15 17:00:00,Ojoo,1832,2.2462915641604204,Clear,Junction,North
2026-08-15 17:00:00,Mokola,2389,2.40085275467948,Clear,Urban,South
2026-08-15 18:00:00,Challenge,2356,2.181036285474828,Rain,Urban,Central
2026-08-15 18:00:00,Iwo Road,1979,2.1015266499865697,Clear,Urban,East
2026-08-15 18:00:00,Bodija,2097,1.679328019051713,Clear,Urban,West
2026-08-15 18:00:00,Ojoo,1836,2.491578463454961,Clear,Urban,North
2026-08-15 18:00:00,Mokola,2251,1.999281173918715,Rain,Urban,South
2026-08-15 19:00:00,Challenge,2075,2.3941970722128234,Clear,Urban,Central
2026-08-15 19:00:00,Iwo Road,1644,2.1943022474627147,Clear,Highway,East
2026-08-15 19:00:00,Bodija,2049,2.0608797190287977,Rain,Highway,West
2026-08-15 19:00:00,Ojoo,2311,1.7846980785646647,Clear,Highway,North
2026-08-15 19:00:00,Mokola,2434,1.9823147631982707,Clear,Junction,South
2026-08-15 20:00:00,Challenge,801,1.318934722259985,Clear,Urban,Central
2026-08-15 20:00:00,Iwo Road,515,1.02329513232811,Clear,Urban,East
2026-08-15 20:00:00,Bodija,717,1.29205207511057,Clear,Urban,West
2026-08-15 20:00:00,Ojoo,1155,1.2885796628438286,Rain,Urban,North
2026-08-15 20:00:00,Mokola,900,1.309861047917207,Clear,Urban,South
2026-08-15 21:00:00,Challenge,1048,1.3817691121284295,Rain,Urban,Central
2026-08-15 21:00:00,Iwo Road,1189,1.0084147609841874,Clear,Highway,East
2026-08-15 21:00:00,Bodija,438,1.0576012895679288,Heavy Rain,Urban,West
2026-08-15 21:00:00,Ojoo,560,1.025440574551119,Clear,Urban,North
2026-08-15 21:00:00,Mokola,512,1.0131426790961586,Clear,Urban,South
2026-08-15 22:00:00,Challenge,517,1.2461715660131705,Clear,Highway,Central
2026-08-15 22:00:00,Iwo Road,817,1.3927588560140982,Clear,Urban,East
2026-08-15 22:00:00,Bodija,793,1.194700419340926,Clear,Urban,West
2026-08-15 22:00:00,Ojoo,618,1.0282200254839577,Rain,Urban,North
2026-08-15 22:00:00,Mokola,1071,1.3295585526498657,Clear,Junction,South
2026-08-15 23:00:00,Challenge,1101,1.2599808392663556,Rain,Urban,Central
2026-08-15 23:00:00,Iwo Road,603,1.0507491312252373,Clear,Urban,East
2026-08-15 23:00:00,Bodija,898,1.1623248368801087,Heavy Rain,Highway,West
2026-08-15 23:00:00,Ojoo,639,1.3802014246356538,Clear,Urban,North
2026-08-15 23:00:00,Mokola,1088,1.1107818472498439,Clear,Urban,South
2026-08-16 00:00:00,Challenge,528,1.1554699002683801,Clear,Urban,Central
2026-08-16 00:00:00,Iwo Road,710,1.0103355888880046,Clear,Urban,East
2026-08-16 00:00:00,Bodija,493,1.2430742564203243,Heavy Rain,Urban,West
2026-08-16 00:00:00,Ojoo,728,1.0339064617705334,Rain,Urban,North
2026-08-16 00:00:00,Mokola,840,1.1117380763724907,Clear,Junction,South
2026-08-16 01:00:00,Challenge,743,1.313139447194663,Rain,Urban,Central
2026-08-16 01:00:00,Iwo Road,1070,1.3418700165537054,Clear,Urban,East
2026-08-16 01:00:00,Bodija,758,1.3923044697555405,Clear,Urban,West
2026-08-16 01:00:00,Ojoo,428,1.3170159070485346,Clear,Highway,North
2026-08-16 01:00:00,Mokola,992,1.2919082046294723,Clear,Highway,South
2026-08-16 02:00:00,Challenge,476,1.3433477626878634,Clear,Highway,Central
2026-08-16 02:00:00,Iwo Road,972,1.0881751539570454,Rain,Urban,East
2026-08-16 02:00:00,Bodija,762,1.3553088786046024,Clear,Urban,West
2026-08-16 02:00:00,Ojoo,1097,1.3882218682913983,Clear,Urban,North
2026-08-16 02:00:00,Mokola,1197,1.1979303806402184,Clear,Urban,South
2026-08-16 03:00:00,Challenge,1026,1.096272635890354,Clear,Urban,Central
2026-08-16 03:00:00,Iwo Road,848,1.2087323501220757,Clear,Highway,East
2026-08-16 03:00:00,Bodija,865,1.0103584280997941,Clear,Urban,West
2026-08-16 03:00:00,Ojoo,1004,1.1132876335238668,Rain,Urban,North
2026-08-16 03:00:00,Mokola,908,1.073525155792726,Clear,Highway,South
2026-08-16 04:00:00,Challenge,1075,1.3274987241536766,Clear,Urban,Central
2026-08-16 04:00:00,Iwo Road,1000,1.2990051882329907,Clear,Urban,East
2026-08-16 04:00:00,Bodija,455,1.3525032271052047,Clear,Urban,West
2026-08-16 04:00:00,Ojoo,1183,1.0240032770356047,Clear,Junction,North
2026-08-16 04:00:00,Mokola,786,1.3526835878554337,Rain,Urban,South
2026-08-16 05:00:00,Challenge,1035,1.2007281502162044,Clear,Urban,Central
2026-08-16 05:00:00,Iwo Road,540,1.019659356138071,Clear,Urban,East
2026-08-16 05:00:00,Bodija,783,1.070886022751517,Clear,Urban,West
2026-08-16 05:00:00,Ojoo,768,1.2995996069619826,Clear,Highway,North
2026-08-16 05:00:00,Mokola,555,1.3076430974029196,Rain,Urban,South
2026-08-16 06:00:00,Challenge,740,1.2385574398769845,Clear,Urban,Central
2026-08-16 06:00:00,Iwo Road,1032,1.189888450851285,Clear,Urban,East
2026-08-16 06:00:00,Bodija,755,1.3746280872283356,Clear,Urban,West
2026-08-16 06:00:00,Ojoo,585,1.2421777941221368,Clear,Urban,North
2026-08-16 06:00:00,Mokola,833,1.291397573538976,Clear,Urban,South
2026-08-16 07:00:00,Challenge,2357,1.7807894621262055,Clear,Urban,Central
2026-08-16 07:00:00,Iwo Road,2465,2.0365656182284257,Clear,Urban,East
2026-08-16 07:00:00,Bodija,2047,1.8572573037970685,Clear,Urban,West
2026-08-16 07:00:00,Ojoo,2050,1.9943004859299658,Rain,Urban,North
2026-08-16 07:00:00,Mokola,1640,2.07220507601706,Clear,Urban,South
2026-08-16 08:00:00,Challenge,1627,2.1487201551246113,Clear,Urban,Central
2026-08-16 08:00:00,Iwo Road,1885,2.2807204492692708,Rain,Urban,East
2026-08-16 08:00:00,Bodija,1822,1.6814466799862802,Clear,Urban,West
2026-08-16 08:00:00,Ojoo,2103,2.406631044824421,Clear,Urban,North
2026-08-16 08:00:00,Mokola,1570,1.7782027272767982,Clear,Urban,South
2026-08-16 09:00:00,Challenge,2013,1.8154328527078418,Clear,Urban,Central
2026-08-16 09:00:00,Iwo Road,2433,1.6590211653819729,Clear,Urban,East
2026-08-16 09:00:00,Bodija,1875,1.9976683372819575,Clear,Urban,West
2026-08-16 09:00:00,Ojoo,1970,1.8751805147611373,Clear,Junction,North
2026-08-16 09:00:00,Mokola,1903,1.736782164226646,Clear,Urban,South
2026-08-16 10:00:00,Challenge,669,1.3493243493030913,Clear,Urban,Central
2026-08-16 10:00:00,Iwo Road,710,1.343497987411832,Clear,Urban,East
2026-08-16 10:00:00,Bodija,937,1.017373342894255,Clear,Urban,West
2026-08-16 10:00:00,Ojoo,986,1.345761194877759,Clear,Urban,North
2026-08-16 10:00:00,Mokola,1097,1.160352854051164,Clear,Urban,South
2026-08-16 11:00:00,Challenge,786,1.0290945047108786,Rain,Urban,Central
2026-08-16 11:00:00,Iwo Road,830,1.113419204363859,Clear,Urban,East
2026-08-16 11:00:00,Bodija,425,1.264744124886002,Clear,Urban,West
2026-08-16 11:00:00,Ojoo,529,1.1218092756605533,Clear,Highway,North
2026-08-16 11:00:00,Mokola,490,1.12110704304697,Clear,Urban,South
2026-08-16 12:00:00,Challenge,984,1.106866105035196,Clear,Urban,Central
2026-08-16 12:00:00,Iwo Road,956,1.039418740565177,Clear,Urban,East
2026-08-16 12:00:00,Bodija,1115,1.0521805639774473,Clear,Highway,West
2026-08-16 12:00:00,Ojoo,447,1.1751125909198479,Clear,Urban,North
2026-08-16 12:00:00,Mokola,770,1.0302108344103547,Rain,Urban,South
2026-08-16 13:00:00,Challenge,736,1.230028167634166,Rain,Highway,Central
2026-08-16 13:00:00,Iwo Road,780,1.3846174891524439,Rain,Urban,East
2026-08-16 13:00:00,Bodija,481,1.004405343334243,Clear,Highway,West
2026-08-16 13:00:00,Ojoo,436,1.225265755381582,Rain,Highway,North
2026-08-16 13:00:00,Mokola,1105,1.0571383630367694,Rain,Urban,South
2026-08-16 14:00:00,Challenge,946,1.344737529317932,Clear,Junction,Central
2026-08-16 14:00:00,Iwo Road,996,1.1735552193941918,Clear,Junction,East
2026-08-16 14:00:00,Bodija,1016,1.0456735120948528,Clear,Urban,West
2026-08-16 14:00:00,Ojoo,967,1.0005713372316707,Clear,Urban,North
2026-08-16 14:00:00,Mokola,561,1.3996829195773763,Clear,Urban,South
2026-08-16 15:00:00,Challenge,1099,1.065625435306134,Clear,Urban,Central
2026-08-16 15:00:00,Iwo Road,748,1.2239182888719056,Clear,Urban,East
2026-08-16 15:00:00,Bodija,919,1.131302035710935,Clear,Urban,West
2026-08-16 15:00:00,Ojoo,845,1.0199458305976716,Clear,Urban,North
2026-08-16 15:00:00,Mokola,1141,1.2947178274840787,Clear,Junction,South
2026-08-16 16:00:00,Challenge,1605,1.724454856064273,Clear,Urban,Central
2026-08-16 16:00:00,Iwo Road,2282,1.884342240147073,Clear,Urban,East
2026-08-16 16:00:00,Bodija,1604,2.447093224708617,Rain,Urban,West
2026-08-16 16:00:00,Ojoo,2242,2.3432994037841333,Clear,Urban,North
2026-08-16 16:00:00,Mokola,2012,2.219521862422292,Clear,Urban,South
2026-08-16 17:00:00,Challenge,2034,1.8815601652051015,Clear,Urban,Central
2026-08-16 17:00:00,Iwo Road,2408,2.1218248106501165,Clear,Urban,East
2026-08-16 17:00:00,Bodija,1816,1.9899258390781251,Rain,Urban,West
2026-08-16 17:00:00,Ojoo,2021,2.341841187330587,Clear,Highway,North
2026-08-16 17:00:00,Mokola,2209,1.6468651655991429,Clear,Urban,South
2026-08-16 18:00:00,Challenge,2468,2.057815555615671,Clear,Urban,Central
2026-08-16 18:00:00,Iwo Road,2389,2.373552678062408,Clear,Urban,East
2026-08-16 18:00:00,Bodija,1957,2.4389161898025877,Rain,Urban,West
2026-08-16 18:00:00,Ojoo,2253,2.3299941096747863,Clear,Urban,North
2026-08-16 18:00:00,Mokola,2215,2.465976288650192,Clear,Urban,South
2026-08-16 19:00:00,Challenge,2026,2.0603730767285438,Rain,Junction,Central
2026-08-16 19:00:00,Iwo Road,1613,1.9512591177968228,Clear,Urban,East
2026-08-16 19:00:00,Bodija,1798,2.471219954841165,Rain,Highway,West
2026-08-16 19:00:00,Ojoo,2341,2.270717337555197,Clear,Urban,North
2026-08-16 19:00:00,Mokola,2170,1.9746564356899192,Clear,Urban,South
2026-08-16 20:00:00,Challenge,1107,1.0907034469602064,Rain,Junction,Central
2026-08-16 20:00:00,Iwo Road,908,1.240976443944577,Clear,Urban,East
2026-08-16 20:00:00,Bodija,813,1.3968299058365425,Clear,Urban,West
2026-08-16 20:00:00,Ojoo,967,1.3636022355342812,Heavy Rain,Highway,North
2026-08-16 20:00:00,Mokola,1080,1.0802528360586294,Clear,Urban,South
2026-08-16 21:00:00,Challenge,1105,1.231228840804965,Heavy Rain,Urban,Central
2026-08-16 21:00:00,Iwo Road,1198,1.2480005333909632,Clear,Urban,East
2026-08-16 21:00:00,Bodija,696,1.1913134670044172,Clear,Urban,West
2026-08-16 21:00:00,Ojoo,777,1.1062350393229439,Rain,Urban,North
2026-08-16 21:00:00,Mokola,838,1.2142640246912448,Rain,Highway,South
2026-08-16 22:00:00,Challenge,669,1.082748750168915,Clear,Highway,Central
2026-08-16 22:00:00,Iwo Road,849,1.2637429549115375,Clear,Urban,East
2026-08-16 22:00:00,Bodija,419,1.153426956402917,Clear,Urban,West
2026-08-16 22:00:00,Ojoo,503,1.0014625245378597,Clear,Urban,North
2026-08-16 22:00:00,Mokola,652,1.0798286463583755,Clear,Urban,South
2026-08-16 23:00:00,Challenge,635,1.0209388713725251,Clear,Urban,Central
2026-08-16 23:00:00,Iwo Road,898,1.1508715167136974,Rain,Highway,East
2026-08-16 23:00:00,Bodija,538,1.3708016640405631,Clear,Urban,West
2026-08-16 23:00:00,Ojoo,1047,1.2689307239974563,Clear,Highway,North
2026-08-16 23:00:00,Mokola,493,1.3737643178284857,Clear,Urban,South
2026-08-17 00:00:00,Challenge,907,1.2462210492772716,Clear,Urban,Central
2026-08-17 00:00:00,Iwo Road,475,1.1127166590037063,Clear,Urban,East
2026-08-17 00:00:00,Bodija,505,1.0374080494391638,Clear,Highway,West
2026-08-17 00:00:00,Ojoo,1122,1.1782767160986984,Clear,Urban,North
2026-08-17 00:00:00,Mokola,977,1.1991794370329054,Clear,Urban,South
2026-08-17 01:00:00,Challenge,1136,1.21507340870204,Clear,Highway,Central
2026-08-17 01:00:00,Iwo Road,944,1.3053179647989126,Clear,Urban,East
2026-08-17 01:00:00,Bodija,1162,1.389346626460915,Rain,Urban,West
2026-08-17 01:00:00,Ojoo,442,1.1787088635358427,Clear,Urban,North
2026-08-17 01:00:00,Mokola,415,1.2565062837027479,Clear,Urban,South
2026-08-17 02:00:00,Challenge,960,1.2125359812946437,Clear,Junction,Central
2026-08-17 02:00:00,Iwo Road,926,1.3482685872857283,Clear,Urban,East
2026-08-17 02:00:00,Bodija,1005,1.1448726411176606,Clear,Urban,West
2026-08-17 02:00:00,Ojoo,1145,1.240674643448186,Clear,Urban,North
2026-08-17 02:00:00,Mokola,645,1.1170060081364124,Clear,Urban,South
2026-08-17 03:00:00,Challenge,963,1.308497229613271,Clear,Highway,Central
2026-08-17 03:00:00,Iwo Road,419,1.2884491024459064,Clear,Urban,East
2026-08-17 03:00:00,Bodija,742,1.3509629381580588,Clear,Urban,West
2026-08-17 03:00:00,Ojoo,645,1.0124272520977826,Rain,Urban,North
2026-08-17 03:00:00,Mokola,1061,1.2775506141286463,Clear,Urban,South
2026-08-17 04:00:00,Challenge,894,1.2668147428501415,Rain,Urban,Central
2026-08-17 04:00:00,Iwo Road,1022,1.0945370973312838,Clear,Urban,East
2026-08-17 04:00:00,Bodija,532,1.3067073425353342,Clear,Urban,West
2026-08-17 04:00:00,Ojoo,882,1.334355363250497,Clear,Urban,North
2026-08-17 04:00:00,Mokola,1042,1.006199296730476,Clear,Urban,South
2026-08-17 05:00:00,Challenge,422,1.2017053843172125,Rain,Urban,Central
2026-08-17 05:00:00,Iwo Road,451,1.0912663655003623,Clear,Urban,East
2026-08-17 05:00:00,Bodija,450,1.3170649907006466,Clear,Urban,West
2026-08-17 05:00:00,Ojoo,699,1.3937287915256165,Clear,Highway,North
2026-08-17 05:00:00,Mokola,1039,1.3235171892770774,Clear,Urban,South
2026-08-17 06:00:00,Challenge,764,1.1782919283611477,Rain,Urban,Central
2026-08-17 06:00:00,Iwo Road,891,1.0614736543228986,Rain,Urban,East
2026-08-17 06:00:00,Bodija,804,1.1579229131513025,Clear,Highway,West
2026-08-17 06:00:00,Ojoo,1101,1.0313308220596873,Clear,Urban,North
2026-08-17 06:00:00,Mokola,413,1.0820748571619228,Clear,Urban,South
2026-08-17 07:00:00,Challenge,1888,1.8724112893408793,Clear,Urban,Central
2026-08-17 07:00:00,Iwo Road,2105,1.7077721096504788,Rain,Urban,East
2026-08-17 07:00:00,Bodija,1756,1.9635786549727752,Clear,Highway,West
2026-08-17 07:00:00,Ojoo,2442,2.20938440630528,Rain,Highway,North
2026-08-17 07:00:00,Mokola,1682,1.9040353389894076,Clear,Urban,South
2026-08-17 08:00:00,Challenge,1573,1.7646306333658763,Clear,Urban,Central
2026-08-17 08:00:00,Iwo Road,2079,2.4756654714568374,Clear,Urban,East
2026-08-17 08:00:00,Bodija,1823,2.116577657528568,Clear,Urban,West
2026-08-17 08:00:00,Ojoo,2348,1.6080987915549303,Clear,Urban,North
2026-08-17 08:00:00,Mokola,2280,2.0357660484903373,Clear,Highway,South
2026-08-17 09:00:00,Challenge,2099,2.0717392009252804,Clear,Highway,Central
2026-08-17 09:00:00,Iwo Road,1910,1.681841904921737,Rain,Urban,East
2026-08-17 09:00:00,Bodija,1516,1.6388532617766474,Clear,Urban,West
2026-08-17 09:00:00,Ojoo,2488,1.6392948358417077,Clear,Urban,North
2026-08-17 09:00:00,Mokola,1603,1.8893876491580843,Heavy Rain,Junction,South
2026-08-17 10:00:00,Challenge,453,1.1046685466550026,Clear,Highway,Central
2026-08-17 10:00:00,Iwo Road,665,1.2112189796015196,Heavy Rain,Urban,East
2026-08-17 10:00:00,Bodija,948,1.367314014151983,Clear,Highway,West
2026-08-17 10:00:00,Ojoo,500,1.3632334748239416,Rain,Highway,North
2026-08-17 10:00:00,Mokola,780,1.2287590089835814,Rain,Highway,South
2026-08-17 11:00:00,Challenge,834,1.1640095146966971,Clear,Highway,Central
2026-08-17 11:00:00,Iwo Road,968,1.129802659667579,Rain,Urban,East
2026-08-17 11:00:00,Bodija,1001,1.2216504653433096,Clear,Urban,West
2026-08-17 11:00:00,Ojoo,485,1.295415615790363,Rain,Urban,North
2026-08-17 11:00:00,Mokola,668,1.3097004590802683,Clear,Urban,South
2026-08-17 12:00:00,Challenge,750,1.1059265287113276,Rain,Urban,Central
2026-08-17 12:00:00,Iwo Road,495,1.0876236692239534,Clear,Urban,East
2026-08-17 12:00:00,Bodija,835,1.262251764845727,Clear,Urban,West
2026-08-17 12:00:00,Ojoo,881,1.1081394361982337,Rain,Urban,North
2026-08-17 12:00:00,Mokola,1182,1.2923712143732133,Clear,Urban,South
2026-08-17 13:00:00,Challenge,937,1.3458165366328334,Clear,Urban,Central
2026-08-17 13:00:00,Iwo Road,1034,1.249676829158508,Clear,Urban,East
2026-08-17 13:00:00,Bodija,585,1.0967058029918726,Clear,Urban,West
2026-08-17 13:00:00,Ojoo,1186,1.3230957172802857,Clear,Highway,North
2026-08-17 13:00:00,Mokola,1084,1.3966744561570943,Rain,Urban,South
2026-08-17 14:00:00,Challenge,672,1.3925790381716516,Clear,Urban,Central
2026-08-17 14:00:00,Iwo Road,1107,1.091240151160954,Rain,Urban,East
2026-08-17 14:00:00,Bodija,488,1.2007742323123443,Clear,Urban,West
2026-08-17 14:00:00,Ojoo,1000,1.30297004134933,Rain,Urban,North
2026-08-17 14:00:00,Mokola,902,1.105214471015572,Clear,Urban,South
2026-08-17 15:00:00,Challenge,949,1.3789227596947846,Clear,Highway,Central
2026-08-17 15:00:00,Iwo Road,1049,1.0330953213948286,Rain,Urban,East
2026-08-17 15:00:00,Bodija,660,1.1011063439804656,Clear,Urban,West
2026-08-17 15:00:00,Ojoo,1161,1.3774212582597638,Rain,Urban,North
2026-08-17 15:00:00,Mokola,508,1.2036453540750087,Clear,Urban,South
2026-08-17 16:00:00,Challenge,1702,1.6966728928925998,Clear,Highway,Central
2026-08-17 16:00:00,Iwo Road,1546,2.451468056261948,Clear,Highway,East
2026-08-17 16:00:00,Bodija,1864,2.47117281709296,Clear,Urban,West
2026-08-17 16:00:00,Ojoo,2245,1.6990159490147894,Rain,Urban,North
2026-08-17 16:00:00,Mokola,1707,1.6658282585304556,Rain,Urban,South
2026-08-17 17:00:00,Challenge,1686,1.9046986246933462,Clear,Urban,Central
2026-08-17 17:00:00,Iwo Road,2450,1.7481203302421526,Rain,Junction,East
2026-08-17 17:00:00,Bodija,2217,2.415023923815819,Clear,Urban,West
2026-08-17 17:00:00,Ojoo,2166,2.342912493216657,Clear,Urban,North
2026-08-17 17:00:00,Mokola,1706,1.7466123890296548,Rain,Urban,South
2026-08-17 18:00:00,Challenge,2268,2.3498887191620215,Rain,Urban,Central
2026-08-17 18:00:00,Iwo Road,1686,2.0971042121099526,Clear,Highway,East
2026-08-17 18:00:00,Bodija,1739,2.432479253411531,Rain,Urban,West
2026-08-17 18:00:00,Ojoo,1884,2.2029581417732964,Clear,Urban,North
2026-08-17 18:00:00,Mokola,2481,1.6716885348583808,Clear,Urban,South
2026-08-17 19:00:00,Challenge,2139,1.9194956042325477,Clear,Junction,Central
2026-08-17 19:00:00,Iwo Road,1725,1.7327073404274111,Clear,Highway,East
2026-08-17 19:00:00,Bodija,2348,1.8713105677696014,Clear,Urban,West
2026-08-17 19:00:00,Ojoo,1738,2.193131212989101,Clear,Highway,North
2026-08-17 19:00:00,Mokola,2487,2.1602944565918025,Clear,Urban,South
2026-08-17 20:00:00,Challenge,832,1.3710698165998076,Rain,Urban,Central
2026-08-17 20:00:00,Iwo Road,667,1.2889494030531194,Clear,Highway,East
2026-08-17 20:00:00,Bodija,1192,1.257110620023946,Clear,Urban,West
2026-08-17 20:00:00,Ojoo,1058,1.1949871341855896,Clear,Urban,North
2026-08-17 20:00:00,Mokola,544,1.1721265712169564,Clear,Urban,South
2026-08-17 21:00:00,Challenge,843,1.3654909976025835,Rain,Urban,Central
2026-08-17 21:00:00,Iwo Road,577,1.0605830489601658,Clear,Urban,East
2026-08-17 21:00:00,Bodija,538,1.1450332850378708,Clear,Junction,West
2026-08-17 21:00:00,Ojoo,773,1.2427306254354331,Clear,Urban,North
2026-08-17 21:00:00,Mokola,1112,1.098399896122718,Clear,Urban,South
2026-08-17 22:00:00,Challenge,972,1.0831374885678595,Rain,Urban,Central
2026-08-17 22:00:00,Iwo Road,460,1.2952603019366757,Clear,Urban,East
2026-08-17 22:00:00,Bodija,431,1.2214711334157733,Clear,Highway,West
2026-08-17 22:00:00,Ojoo,957,1.3971083946050933,Rain,Junction,North
2026-08-17 22:00:00,Mokola,1158,1.384227414529374,Clear,Urban,South
2026-08-17 23:00:00,Challenge,1030,1.1957290989900484,Clear,Urban,Central
2026-08-17 23:00:00,Iwo Road,885,1.1883139988050828,Clear,Junction,East
2026-08-17 23:00:00,Bodija,948,1.2583037169045224,Clear,Highway,West
2026-08-17 23:00:00,Ojoo,1139,1.271515288904098,Clear,Urban,North
2026-08-17 23:00:00,Mokola,774,1.3501452959603042,Clear,Urban,South
2026-08-18 00:00:00,Challenge,826,1.339840069992983,Clear,Urban,Central
2026-08-18 00:00:00,Iwo Road,1048,1.2316519216140196,Clear,Junction,East
2026-08-18 00:00:00,Bodija,401,1.2076652158298162,Clear,Urban,West
2026-08-18 00:00:00,Ojoo,604,1.048384264895397,Clear,Urban,North
2026-08-18 00:00:00,Mokola,1052,1.2355241080624892,Clear,Urban,South
2026-08-18 01:00:00,Challenge,1015,1.3111778109881285,Rain,Urban,Central
2026-08-18 01:00:00,Iwo Road,641,1.1301673122730431,Clear,Junction,East
2026-08-18 01:00:00,Bodija,816,1.1394409877771383,Clear,Highway,West
2026-08-18 01:00:00,Ojoo,1087,1.3241036522069147,Clear,Urban,North
2026-08-18 01:00:00,Mokola,1018,1.3250450556352686,Clear,Highway,South
2026-08-18 02:00:00,Challenge,1018,1.099960688654756,Clear,Urban,Central
2026-08-18 02:00:00,Iwo Road,422,1.187616018666385,Clear,Urban,East
2026-08-18 02:00:00,Bodija,458,1.267844502615007,Heavy Rain,Highway,West
2026-08-18 02:00:00,Ojoo,1056,1.035808078718737,Clear,Urban,North
2026-08-18 02:00:00,Mokola,656,1.3300539502645676,Clear,Urban,South
2026-08-18 03:00:00,Challenge,466,1.0727233862667798,Clear,Urban,Central
2026-08-18 03:00:00,Iwo Road,631,1.1775423964562277,Clear,Urban,East
2026-08-18 03:00:00,Bodija,1027,1.1876709984371085,Clear,Highway,West
2026-08-18 03:00:00,Ojoo,985,1.2654937442775753,Clear,Urban,North
2026-08-18 03:00:00,Mokola,690,1.073362139443896,Clear,Urban,South
2026-08-18 04:00:00,Challenge,912,1.3586986199630977,Clear,Urban,Central
2026-08-18 04:00:00,Iwo Road,816,1.0140698526126386,Rain,Urban,East
2026-08-18 04:00:00,Bodija,640,1.05368097053054,Clear,Urban,West
2026-08-18 04:00:00,Ojoo,786,1.3369485335273288,Rain,Highway,North
2026-08-18 04:00:00,Mokola,628,1.0465094721171522,Clear,Urban,South
2026-08-18 05:00:00,Challenge,626,1.2707907009244113,Clear,Highway,Central
2026-08-18 05:00:00,Iwo Road,1158,1.2431051074973698,Clear,Urban,East
2026-08-18 05:00:00,Bodija,546,1.3985187216980903,Rain,Urban,West
2026-08-18 05:00:00,Ojoo,541,1.3605787318153517,Clear,Urban,North
2026-08-18 05:00:00,Mokola,795,1.2603153283387607,Clear,Urban,South
2026-08-18 06:00:00,Challenge,1196,1.134464103097808,Clear,Highway,Central
2026-08-18 06:00:00,Iwo Road,511,1.159300093945365,Clear,Urban,East
2026-08-18 06:00:00,Bodija,473,1.2176732595907207,Clear,Highway,West
2026-08-18 06:00:00,Ojoo,963,1.0552982262536228,Clear,Urban,North
2026-08-18 06:00:00,Mokola,1136,1.3510851842787757,Rain,Junction,South
2026-08-18 07:00:00,Challenge,2072,2.326730142086718,Clear,Urban,Central
2026-08-18 07:00:00,Iwo Road,2200,1.7532332369128925,Clear,Urban,East
2026-08-18 07:00:00,Bodija,1808,1.6653173182402399,Rain,Urban,West
2026-08-18 07:00:00,Ojoo,1955,1.9643739006563299,Clear,Junction,North
2026-08-18 07:00:00,Mokola,1620,1.7168046691503502,Clear,Junction,South
2026-08-18 08:00:00,Challenge,2271,1.8282540648747079,Rain,Urban,Central
2026-08-18 08:00:00,Iwo Road,1699,2.3532350495601615,Heavy Rain,Highway,East
2026-08-18 08:00:00,Bodija,1882,2.292677947495289,Clear,Urban,West
2026-08-18 08:00:00,Ojoo,1541,1.8152899792307968,Rain,Highway,North
2026-08-18 08:00:00,Mokola,1614,2.2490433413924897,Clear,Junction,South
2026-08-18 09:00:00,Challenge,2253,1.9193611510875925,Clear,Urban,Central
2026-08-18 09:00:00,Iwo Road,1907,2.36136873048868,Clear,Urban,East
2026-08-18 09:00:00,Bodija,1520,1.7073445048357692,Clear,Urban,West
2026-08-18 09:00:00,Ojoo,1915,2.0431218350765405,Clear,Highway,North
2026-08-18 09:00:00,Mokola,1571,1.964188367483695,Clear,Highway,South
2026-08-18 10:00:00,Challenge,657,1.3087131756273391,Clear,Urban,Central
2026-08-18 10:00:00,Iwo Road,1132,1.0186739279597095,Rain,Urban,East
2026-08-18 10:00:00,Bodija,749,1.2414977154253024,Clear,Urban,West
2026-08-18 10:00:00,Ojoo,839,1.2647879357802536,Clear,Urban,North
2026-08-18 10:00:00,Mokola,892,1.2702576255459554,Clear,Urban,South
2026-08-18 11:00:00,Challenge,1039,1.3242415393040643,Clear,Urban,Central
2026-08-18 11:00:00,Iwo Road,982,1.288246516265486,Clear,Urban,East
2026-08-18 11:00:00,Bodija,743,1.3328956426833765,Clear,Urban,West
2026-08-18 11:00:00,Ojoo,881,1.146867850278009,Clear,Highway,North
2026-08-18 11:00:00,Mokola,409,1.1192157328377803,Clear,Urban,South
2026-08-18 12:00:00,Challenge,1036,1.195241778840551,Clear,Urban,Central
2026-08-18 12:00:00,Iwo Road,1186,1.1577364585402656,Clear,Highway,East
2026-08-18 12:00:00,Bodija,672,1.1956919600818452,Clear,Urban,West
2026-08-18 12:00:00,Ojoo,1036,1.2087449181328715,Clear,Highway,North
2026-08-18 12:00:00,Mokola,916,1.2899650986497757,Rain,Highway,South
2026-08-18 13:00:00,Challenge,738,1.32417463424625,Clear,Urban,Central
2026-08-18 13:00:00,Iwo Road,905,1.1124295541780453,Clear,Highway,East
2026-08-18 13:00:00,Bodija,494,1.3616139945818237,Clear,Urban,West
2026-08-18 13:00:00,Ojoo,1183,1.3086278904223305,Rain,Urban,North
2026-08-18 13:00:00,Mokola,1146,1.1183290874327452,Rain,Urban,South
2026-08-18 14:00:00,Challenge,1061,1.098111721989747,Clear,Urban,Central
2026-08-18 14:00:00,Iwo Road,1056,1.3705119847393628,Heavy Rain,Highway,East
2026-08-18 14:00:00,Bodija,1095,1.2263452294238477,Clear,Urban,West
2026-08-18 14:00:00,Ojoo,776,1.272420044692178,Clear,Highway,North
2026-08-18 14:00:00,Mokola,1121,1.360471049286942,Rain,Urban,South
2026-08-18 15:00:00,Challenge,416,1.2109278718399439,Rain,Urban,Central
2026-08-18 15:00:00,Iwo Road,422,1.368819520850843,Clear,Highway,East
2026-08-18 15:00:00,Bodija,965,1.3575890673697717,Heavy Rain,Highway,West
2026-08-18 15:00:00,Ojoo,1094,1.105077323952002,Clear,Urban,North
2026-08-18 15:00:00,Mokola,1126,1.047955212593538,Clear,Urban,South
2026-08-18 16:00:00,Challenge,1979,1.66500641344523,Clear,Highway,Central
2026-08-18 16:00:00,Iwo Road,2344,2.3307182034639142,Rain,Highway,East
2026-08-18 16:00:00,Bodija,1872,2.2024468813028824,Clear,Urban,West
2026-08-18 16:00:00,Ojoo,1506,2.2535705354758946,Rain,Urban,North
2026-08-18 16:00:00,Mokola,2041,1.9217619955845133,Clear,Urban,South
2026-08-18 17:00:00,Challenge,2333,2.3522047637691412,Clear,Urban,Central
2026-08-18 17:00:00,Iwo Road,1787,2.1052202417704042,Rain,Urban,East
2026-08-18 17:00:00,Bodija,2387,2.061344547719429,Rain,Urban,West
2026-08-18 17:00:00,Ojoo,1760,1.666207018794189,Clear,Junction,North
2026-08-18 17:00:00,Mokola,1954,2.1216692123816365,Clear,Urban,South
2026-08-18 18:00:00,Challenge,2041,2.2912804405768,Clear,Urban,Central
2026-08-18 18:00:00,Iwo Road,1985,2.24709168116791,Clear,Urban,East
2026-08-18 18:00:00,Bodija,2490,1.8309955209063231,Clear,Junction,West
2026-08-18 18:00:00,Ojoo,2436,2.0157326837851617,Rain,Urban,North
2026-08-18 18:00:00,Mokola,1980,1.8495325747142677,Heavy Rain,Urban,South
2026-08-18 19:00:00,Challenge,2102,2.1043590584379483,Clear,Urban,Central
2026-08-18 19:00:00,Iwo Road,1838,2.098763129903919,Rain,Urban,East
2026-08-18 19:00:00,Bodija,1722,1.68278605960372,Clear,Urban,West
2026-08-18 19:00:00,Ojoo,2313,2.00254567134141,Clear,Junction,North
2026-08-18 19:00:00,Mokola,1526,2.2257325606798903,Clear,Urban,South
2026-08-18 20:00:00,Challenge,705,1.162952911647656,Clear,Highway,Central
2026-08-18 20:00:00,Iwo Road,849,1.0558882267915817,Clear,Urban,East
2026-08-18 20:00:00,Bodija,582,1.1850751326751308,Rain,Highway,West
2026-08-18 20:00:00,Ojoo,855,1.1540650511090162,Clear,Urban,North
2026-08-18 20:00:00,Mokola,1156,1.3658465818060765,Clear,Urban,South
2026-08-18 21:00:00,Challenge,1181,1.065006257902846,Clear,Highway,Central
2026-08-18 21:00:00,Iwo Road,622,1.1204925179175633,Clear,Urban,East
2026-08-18 21:00:00,Bodija,1192,1.0185734621931248,Clear,Junction,West
2026-08-18 21:00:00,Ojoo,819,1.0633132202797495,Clear,Highway,North
2026-08-18 21:00:00,Mokola,875,1.207759074113387,Clear,Urban,South
2026-08-18 22:00:00,Challenge,744,1.3526869225581584,Rain,Highway,Central
2026-08-18 22:00:00,Iwo Road,926,1.0323798808089424,Clear,Junction,East
2026-08-18 22:00:00,Bodija,968,1.3930315691968818,Clear,Urban,West
2026-08-18 22:00:00,Ojoo,898,1.0411784578801144,Clear,Urban,North
2026-08-18 22:00:00,Mokola,940,1.343166828897427,Clear,Junction,South
2026-08-18 23:00:00,Challenge,1074,1.0102969638988866,Clear,Urban,Central
2026-08-18 23:00:00,Iwo Road,1074,1.174939028973038,Rain,Urban,East
2026-08-18 23:00:00,Bodija,627,1.351681735034153,Clear,Junction,West
2026-08-18 23:00:00,Ojoo,1085,1.1598394046483471,Rain,Urban,North
2026-08-18 23:00:00,Mokola,932,1.2325699579476348,Clear,Urban,South
2026-08-19 00:00:00,Challenge,659,1.241432498849225,Rain,Urban,Central
2026-08-19 00:00:00,Iwo Road,1195,1.3747413720364061,Clear,Urban,East
2026-08-19 00:00:00,Bodija,1165,1.1077438802654151,Rain,Urban,West
2026-08-19 00:00:00,Ojoo,1145,1.1260866949509145,Clear,Highway,North
2026-08-19 00:00:00,Mokola,747,1.3418274656130562,Clear,Highway,South
2026-08-19 01:00:00,Challenge,776,1.1660855026737322,Clear,Urban,Central
2026-08-19 01:00:00,Iwo Road,616,1.091967348344653,Clear,Urban,East
2026-08-19 01:00:00,Bodija,752,1.261315816360545,Clear,Urban,West
2026-08-19 01:00:00,Ojoo,929,1.152458752813894,Clear,Urban,North
2026-08-19 01:00:00,Mokola,644,1.3418962474367915,Rain,Highway,South
2026-08-19 02:00:00,Challenge,520,1.1569528403730884,Clear,Highway,Central
2026-08-19 02:00:00,Iwo Road,1134,1.0824810863607115,Rain,Highway,East
2026-08-19 02:00:00,Bodija,400,1.0829877752235508,Rain,Urban,West
2026-08-19 02:00:00,Ojoo,781,1.3476396274898914,Clear,Urban,North
2026-08-19 02:00:00,Mokola,1074,1.0526975198527857,Clear,Urban,South
2026-08-19 03:00:00,Challenge,655,1.3328649814916473,Clear,Highway,Central
2026-08-19 03:00:00,Iwo Road,1075,1.0473448911405192,Clear,Urban,East
2026-08-19 03:00:00,Bodija,459,1.1183011338481317,Clear,Urban,West
2026-08-19 03:00:00,Ojoo,767,1.1631530440787932,Clear,Urban,North
2026-08-19 03:00:00,Mokola,902,1.0221329548653384,Clear,Highway,South
2026-08-19 04:00:00,Challenge,827,1.1609099069725735,Clear,Highway,Central
2026-08-19 04:00:00,Iwo Road,545,1.3937767814333473,Clear,Urban,East
2026-08-19 04:00:00,Bodija,463,1.0127977840577298,Rain,Urban,West
2026-08-19 04:00:00,Ojoo,1105,1.3485058741080629,Clear,Urban,North
2026-08-19 04:00:00,Mokola,403,1.1554529161595355,Clear,Urban,South
2026-08-19 05:00:00,Challenge,873,1.2198489204424139,Rain,Highway,Central
2026-08-19 05:00:00,Iwo Road,901,1.292749301225088,Clear,Junction,East
2026-08-19 05:00:00,Bodija,500,1.1600621091461596,Clear,Urban,West
2026-08-19 05:00:00,Ojoo,1158,1.030080811505121,Clear,Urban,North
2026-08-19 05:00:00,Mokola,758,1.2824232458552123,Clear,Urban,South
2026-08-19 06:00:00,Challenge,562,1.2308081606762233,Clear,Urban,Central
2026-08-19 06:00:00,Iwo Road,732,1.19145794822021,Clear,Urban,East
2026-08-19 06:00:00,Bodija,808,1.3244348984801033,Clear,Urban,West
2026-08-19 06:00:00,Ojoo,1095,1.1651644758356852,Clear,Highway,North
2026-08-19 06:00:00,Mokola,400,1.2436115778827663,Rain,Urban,South
2026-08-19 07:00:00,Challenge,1928,1.7023857629240946,Clear,Urban,Central
2026-08-19 07:00:00,Iwo Road,1895,2.474755760733825,Clear,Urban,East
2026-08-19 07:00:00,Bodija,1580,1.8345997443058917,Rain,Urban,West
2026-08-19 07:00:00,Ojoo,2122,1.6855362165864576,Clear,Urban,North
2026-08-19 07:00:00,Mokola,1970,2.1370506910955953,Clear,Urban,South
2026-08-19 08:00:00,Challenge,1938,1.7018223439066213,Clear,Junction,Central
2026-08-19 08:00:00,Iwo Road,2218,2.027823160912782,Clear,Urban,East
2026-08-19 08:00:00,Bodija,1604,1.7885811615551133,Clear,Junction,West
2026-08-19 08:00:00,Ojoo,2184,2.1624493933670488,Clear,Junction,North
2026-08-19 08:00:00,Mokola,2168,1.9111572269736983,Clear,Highway,South
2026-08-19 09:00:00,Challenge,1866,1.6514194474089972,Rain,Urban,Central
2026-08-19 09:00:00,Iwo Road,1949,2.3919366072745363,Heavy Rain,Urban,East
2026-08-19 09:00:00,Bodija,1689,2.390993031321567,Clear,Highway,West
2026-08-19 09:00:00,Ojoo,2335,2.408108294296827,Clear,Highway,North
2026-08-19 09:00:00,Mokola,2009,1.6295198868492065,Clear,Urban,South
2026-08-19 10:00:00,Challenge,1133,1.254819021401451,Clear,Junction,Central
2026-08-19 10:00:00,Iwo Road,698,1.3659431223683038,Clear,Urban,East
2026-08-19 10:00:00,Bodija,696,1.2926821090892606,Clear,Urban,West
2026-08-19 10:00:00,Ojoo,620,1.301512240434566,Clear,Urban,North
2026-08-19 10:00:00,Mokola,719,1.3128007302375764,Rain,Urban,South
2026-08-19 11:00:00,Challenge,837,1.2639054561812335,Clear,Urban,Central
2026-08-19 11:00:00,Iwo Road,1060,1.109604712154219,Clear,Highway,East
2026-08-19 11:00:00,Bodija,881,1.2509586221263385,Clear,Urban,West
2026-08-19 11:00:00,Ojoo,897,1.0417921267015833,Clear,Urban,North
2026-08-19 11:00:00,Mokola,620,1.3964226034956346,Clear,Urban,South
2026-08-19 12:00:00,Challenge,675,1.1029461833606535,Clear,Highway,Central
2026-08-19 12:00:00,Iwo Road,904,1.2691420151238764,Rain,Urban,East
2026-08-19 12:00:00,Bodija,635,1.2708294850633792,Rain,Urban,West
2026-08-19 12:00:00,Ojoo,942,1.1088010294923958,Clear,Urban,North
2026-08-19 12:00:00,Mokola,1190,1.3367234836115274,Rain,Urban,South
2026-08-19 13:00:00,Challenge,707,1.298057923931128,Clear,Highway,Central
2026-08-19 13:00:00,Iwo Road,524,1.2097745383430998,Rain,Urban,East
2026-08-19 13:00:00,Bodija,865,1.1512827135492312,Rain,Urban,West
2026-08-19 13:00:00,Ojoo,932,1.0395874493634827,Clear,Urban,North
2026-08-19 13:00:00,Mokola,921,1.213391390362517,Clear,Urban,South
2026-08-19 14:00:00,Challenge,1161,1.0163912888999562,Clear,Urban,Central
2026-08-19 14:00:00,Iwo Road,461,1.322317146383294,Clear,Urban,East
2026-08-19 14:00:00,Bodija,987,1.0554610116453216,Clear,Highway,West
2026-08-19 14:00:00,Ojoo,431,1.3646554758941214,Clear,Urban,North
2026-08-19 14:00:00,Mokola,834,1.1345250910019822,Clear,Urban,South
2026-08-19 15:00:00,Challenge,875,1.344029407595917,Clear,Urban,Central
2026-08-19 15:00:00,Iwo Road,574,1.0679033992828544,Heavy Rain,Highway,East
2026-08-19 15:00:00,Bodija,842,1.095234085122847,Rain,Urban,West
2026-08-19 15:00:00,Ojoo,753,1.0519595218147244,Clear,Highway,North
2026-08-19 15:00:00,Mokola,718,1.3333085128143392,Clear,Urban,South
2026-08-19 16:00:00,Challenge,2346,2.0795887912270725,Rain,Junction,Central
2026-08-19 16:00:00,Iwo Road,2006,1.7276599578552867,Clear,Highway,East
2026-08-19 16:00:00,Bodija,1963,2.003149276186933,Clear,Urban,West
2026-08-19 16:00:00,Ojoo,1825,1.6468412548805185,Rain,Urban,North
2026-08-19 16:00:00,Mokola,1707,1.8073085488921161,Clear,Highway,South
2026-08-19 17:00:00,Challenge,1843,2.4147896455384807,Clear,Highway,Central
2026-08-19 17:00:00,Iwo Road,1753,1.7021159725359167,Clear,Urban,East
2026-08-19 17:00:00,Bodija,1831,1.9499663468267048,Clear,Urban,West
2026-08-19 17:00:00,Ojoo,1954,2.466070674201016,Clear,Highway,North
2026-08-19 17:00:00,Mokola,2357,2.2933706083617795,Clear,Urban,South
2026-08-19 18:00:00,Challenge,1926,1.6162541977839646,Clear,Urban,Central
2026-08-19 18:00:00,Iwo Road,1565,2.257992684703206,Clear,Highway,East
2026-08-19 18:00:00,Bodija,1908,2.314504025585865,Heavy Rain,Urban,West
2026-08-19 18:00:00,Ojoo,1538,2.1894469941105896,Clear,Highway,North
2026-08-19 18:00:00,Mokola,1928,1.8360744382459957,Rain,Highway,South
2026-08-19 19:00:00,Challenge,1853,2.3005347140909422,Clear,Junction,Central
2026-08-19 19:00:00,Iwo Road,2208,2.3115426682927795,Clear,Urban,East
2026-08-19 19:00:00,Bodija,1752,2.4674358950693627,Clear,Urban,West
2026-08-19 19:00:00,Ojoo,2136,2.2331755061633776,Clear,Urban,North
2026-08-19 19:00:00,Mokola,1612,2.2378127546607147,Clear,Urban,South
2026-08-19 20:00:00,Challenge,586,1.128374175327776,Clear,Urban,Central
2026-08-19 20:00:00,Iwo Road,531,1.0412587043513444,Rain,Urban,East
2026-08-19 20:00:00,Bodija,1091,1.1998194805145501,Rain,Highway,West
2026-08-19 20:00:00,Ojoo,765,1.3133160369755466,Heavy Rain,Highway,North
2026-08-19 20:00:00,Mokola,494,1.2887907847194122,Rain,Highway,South
2026-08-19 21:00:00,Challenge,453,1.0209074670246385,Clear,Urban,Central
2026-08-19 21:00:00,Iwo Road,842,1.2477392995835348,Clear,Highway,East
2026-08-19 21:00:00,Bodija,1030,1.2552370903185808,Clear,Urban,West
2026-08-19 21:00:00,Ojoo,962,1.053647849083916,Clear,Urban,North
2026-08-19 21:00:00,Mokola,1103,1.0611772745901704,Clear,Junction,South
2026-08-19 22:00:00,Challenge,667,1.059707205067699,Clear,Junction,Central
2026-08-19 22:00:00,Iwo Road,521,1.1321230750227513,Clear,Highway,East
2026-08-19 22:00:00,Bodija,705,1.1340034279830782,Clear,Urban,West
2026-08-19 22:00:00,Ojoo,863,1.3030939778009174,Clear,Urban,North
2026-08-19 22:00:00,Mokola,479,1.026356866012789,Clear,Urban,South
2026-08-19 23:00:00,Challenge,417,1.0443680923499226,Clear,Urban,Central
2026-08-19 23:00:00,Iwo Road,847,1.3787370206670062,Clear,Urban,East
2026-08-19 23:00:00,Bodija,1039,1.0696041792064497,Rain,Highway,West
2026-08-19 23:00:00,Ojoo,651,1.2926417362077873,Clear,Highway,North
2026-08-19 23:00:00,Mokola,1122,1.1253470777829113,Clear,Urban,South
2026-08-20 00:00:00,Challenge,969,1.3217218851822066,Clear,Urban,Central
2026-08-20 00:00:00,Iwo Road,670,1.1399581854589593,Clear,Urban,East
2026-08-20 00:00:00,Bodija,650,1.3045835333744633,Clear,Highway,West
2026-08-20 00:00:00,Ojoo,548,1.210703715076886,Clear,Highway,North
2026-08-20 00:00:00,Mokola,1199,1.1013011267862864,Rain,Highway,South
2026-08-20 01:00:00,Challenge,485,1.0610632658163135,Clear,Urban,Central
2026-08-20 01:00:00,Iwo Road,1191,1.2921655011527169,Clear,Urban,East
2026-08-20 01:00:00,Bodija,692,1.2671224879946468,Clear,Urban,West
2026-08-20 01:00:00,Ojoo,811,1.391402386773076,Clear,Urban,North
2026-08-20 01:00:00,Mokola,553,1.0413512028807839,Clear,Highway,South
2026-08-20 02:00:00,Challenge,919,1.3174149608915324,Clear,Highway,Central
2026-08-20 02:00:00,Iwo Road,969,1.360602247780521,Clear,Urban,East
2026-08-20 02:00:00,Bodija,985,1.2628475356245092,Clear,Urban,West
2026-08-20 02:00:00,Ojoo,726,1.0250888685657835,Rain,Urban,North
2026-08-20 02:00:00,Mokola,428,1.2355744090250191,Clear,Urban,South
2026-08-20 03:00:00,Challenge,1122,1.0134598893596107,Clear,Urban,Central
2026-08-20 03:00:00,Iwo Road,664,1.0100558903025256,Clear,Urban,East
2026-08-20 03:00:00,Bodija,898,1.3389186982141976,Clear,Highway,West
2026-08-20 03:00:00,Ojoo,924,1.3590114489507457,Clear,Urban,North
2026-08-20 03:00:00,Mokola,1075,1.028366476575428,Clear,Urban,South
2026-08-20 04:00:00,Challenge,539,1.3320770252278284,Heavy Rain,Urban,Central
2026-08-20 04:00:00,Iwo Road,577,1.3314121038326032,Rain,Urban,East
2026-08-20 04:00:00,Bodija,1039,1.0961050337995726,Clear,Urban,West
2026-08-20 04:00:00,Ojoo,1061,1.0714515507017197,Clear,Urban,North
2026-08-20 04:00:00,Mokola,1106,1.246584351291519,Heavy Rain,Urban,South
2026-08-20 05:00:00,Challenge,545,1.3783138584963823,Rain,Urban,Central
2026-08-20 05:00:00,Iwo Road,1000,1.2986973231192638,Rain,Urban,East
2026-08-20 05:00:00,Bodija,886,1.073860498357479,Clear,Urban,West
2026-08-20 05:00:00,Ojoo,493,1.0843709344426047,Clear,Urban,North
2026-08-20 05:00:00,Mokola,439,1.1858331057756983,Clear,Urban,South
2026-08-20 06:00:00,Challenge,797,1.0506850940936956,Clear,Urban,Central
2026-08-20 06:00:00,Iwo Road,659,1.3763863151371174,Clear,Urban,East
2026-08-20 06:00:00,Bodija,456,1.2303140843557645,Clear,Highway,West
2026-08-20 06:00:00,Ojoo,863,1.1871032923830318,Heavy Rain,Urban,North
2026-08-20 06:00:00,Mokola,958,1.2924884439492985,Rain,Highway,South
2026-08-20 07:00:00,Challenge,2320,2.347029415265267,Clear,Urban,Central
2026-08-20 07:00:00,Iwo Road,1755,2.2863140015123977,Rain,Urban,East
2026-08-20 07:00:00,Bodija,2052,2.077773130859628,Clear,Highway,West
2026-08-20 07:00:00,Ojoo,2203,2.358972669536945,Clear,Highway,North
2026-08-20 07:00:00,Mokola,1920,2.0654087993019976,Rain,Urban,South
2026-08-20 08:00:00,Challenge,1847,2.37667392459893,Clear,Highway,Central
2026-08-20 08:00:00,Iwo Road,1720,1.9933303529047937,Clear,Urban,East
2026-08-20 08:00:00,Bodija,1598,2.021937062213717,Clear,Urban,West
2026-08-20 08:00:00,Ojoo,2419,2.1179509166221533,Clear,Urban,North
2026-08-20 08:00:00,Mokola,1544,2.128419521425781,Clear,Urban,South
2026-08-20 09:00:00,Challenge,2426,2.042362803248644,Heavy Rain,Urban,Central
2026-08-20 09:00:00,Iwo Road,1780,2.0233344106463798,Heavy Rain,Urban,East
2026-08-20 09:00:00,Bodija,1779,2.46331189179144,Clear,Urban,West
2026-08-20 09:00:00,Ojoo,2262,2.1198952930476973,Clear,Urban,North
2026-08-20 09:00:00,Mokola,1803,2.4611521007887567,Clear,Junction,South
2026-08-20 10:00:00,Challenge,956,1.338514934594584,Clear,Urban,Central
2026-08-20 10:00:00,Iwo Road,1045,1.0014878643272236,Clear,Urban,East
2026-08-20 10:00:00,Bodija,949,1.209316985155598,Clear,Junction,West
2026-08-20 10:00:00,Ojoo,946,1.1808731757440432,Clear,Highway,North
2026-08-20 10:00:00,Mokola,651,1.1272749917825555,Clear,Urban,South
2026-08-20 11:00:00,Challenge,1135,1.2287315084730763,Clear,Urban,Central
2026-08-20 11:00:00,Iwo Road,1022,1.1676351014683863,Rain,Urban,East
2026-08-20 11:00:00,Bodija,404,1.0006317684311647,Rain,Highway,West
2026-08-20 11:00:00,Ojoo,410,1.0185032757045136,Clear,Urban,North
2026-08-20 11:00:00,Mokola,939,1.0986989682669523,Clear,Highway,South
2026-08-20 12:00:00,Challenge,874,1.2677028370318593,Clear,Urban,Central
2026-08-20 12:00:00,Iwo Road,956,1.261609231063504,Clear,Highway,East
2026-08-20 12:00:00,Bodija,1136,1.2260289132146773,Rain,Highway,West
2026-08-20 12:00:00,Ojoo,991,1.1113861163661385,Rain,Urban,North
2026-08-20 12:00:00,Mokola,642,1.1766189155519322,Rain,Highway,South
2026-08-20 13:00:00,Challenge,1096,1.0791297715365291,Rain,Urban,Central
2026-08-20 13:00:00,Iwo Road,876,1.38487436379672,Rain,Urban,East
2026-08-20 13:00:00,Bodija,902,1.2554904728996878,Heavy Rain,Highway,West
2026-08-20 13:00:00,Ojoo,782,1.2080722946267037,Clear,Highway,North
2026-08-20 13:00:00,Mokola,699,1.1127747537367034,Clear,Highway,South
2026-08-20 14:00:00,Challenge,631,1.2885031631735298,Clear,Urban,Central
2026-08-20 14:00:00,Iwo Road,702,1.156776475915375,Clear,Highway,East
2026-08-20 14:00:00,Bodija,423,1.372853566159313,Clear,Urban,West
2026-08-20 14:00:00,Ojoo,726,1.3056147292669886,Clear,Junction,North
2026-08-20 14:00:00,Mokola,563,1.3241213196493329,Clear,Urban,South
2026-08-20 15:00:00,Challenge,876,1.3469908093983889,Clear,Urban,Central
2026-08-20 15:00:00,Iwo Road,743,1.2222468618729612,Clear,Urban,East
2026-08-20 15:00:00,Bodija,706,1.1237296897432891,Clear,Junction,West
2026-08-20 15:00:00,Ojoo,1132,1.2763414017359254,Rain,Highway,North
2026-08-20 15:00:00,Mokola,971,1.366377201581621,Clear,Highway,South
2026-08-20 16:00:00,Challenge,1677,2.006879659305075,Rain,Highway,Central
2026-08-20 16:00:00,Iwo Road,1735,1.826982161943398,Heavy Rain,Junction,East
2026-08-20 16:00:00,Bodija,2415,1.9208290037630087,Clear,Urban,West
2026-08-20 16:00:00,Ojoo,1618,1.7410866528393654,Clear,Urban,North
2026-08-20 16:00:00,Mokola,1507,1.9997017046578658,Rain,Urban,South
2026-08-20 17:00:00,Challenge,1987,2.471774798770248,Clear,Urban,Central
2026-08-20 17:00:00,Iwo Road,2054,2.308613963568736,Clear,Urban,East
2026-08-20 17:00:00,Bodija,1816,1.8568252473980693,Heavy Rain,Urban,West
2026-08-20 17:00:00,Ojoo,2364,2.1272669101898516,Clear,Urban,North
2026-08-20 17:00:00,Mokola,2246,2.135349442498754,Clear,Urban,South
2026-08-20 18:00:00,Challenge,2154,1.9362852667356858,Clear,Highway,Central
2026-08-20 18:00:00,Iwo Road,1642,2.463663538410758,Clear,Highway,East
2026-08-20 18:00:00,Bodija,1770,1.9650574512298982,Clear,Highway,West
2026-08-20 18:00:00,Ojoo,2074,1.859382424465035,Clear,Urban,North
2026-08-20 18:00:00,Mokola,1551,2.4076771450703562,Clear,Urban,South
2026-08-20 19:00:00,Challenge,2374,1.863467393724844,Clear,Urban,Central
2026-08-20 19:00:00,Iwo Road,2144,2.003344786032102,Clear,Urban,East
2026-08-20 19:00:00,Bodija,2001,1.757237732843907,Clear,Urban,West
2026-08-20 19:00:00,Ojoo,1741,1.6628757286161955,Clear,Highway,North
2026-08-20 19:00:00,Mokola,1952,1.8645652387692686,Clear,Highway,South
2026-08-20 20:00:00,Challenge,530,1.3540061298189034,Clear,Urban,Central
2026-08-20 20:00:00,Iwo Road,462,1.0551579769658306,Rain,Urban,East
2026-08-20 20:00:00,Bodija,414,1.2682988801887092,Rain,Highway,West
2026-08-20 20:00:00,Ojoo,659,1.2405547943927142,Clear,Highway,North
2026-08-20 20:00:00,Mokola,730,1.2118578108140534,Clear,Urban,South
2026-08-20 21:00:00,Challenge,786,1.0005422097991796,Clear,Urban,Central
2026-08-20 21:00:00,Iwo Road,429,1.0618739392739445,Clear,Urban,East
2026-08-20 21:00:00,Bodija,798,1.0318078853185995,Clear,Highway,West
2026-08-20 21:00:00,Ojoo,1016,1.167252639917449,Rain,Junction,North
2026-08-20 21:00:00,Mokola,713,1.3611506588251983,Clear,Junction,South
2026-08-20 22:00:00,Challenge,809,1.0390829101547034,Clear,Highway,Central
2026-08-20 22:00:00,Iwo Road,784,1.3378086125254618,Clear,Junction,East
2026-08-20 22:00:00,Bodija,1057,1.0081606442752826,Clear,Urban,West
2026-08-20 22:00:00,Ojoo,630,1.172197433372604,Clear,Urban,North
2026-08-20 22:00:00,Mokola,876,1.01391967994734,Clear,Urban,South
2026-08-20 23:00:00,Challenge,1018,1.2222819441567783,Rain,Urban,Central
2026-08-20 23:00:00,Iwo Road,794,1.24170380639477,Rain,Urban,East
2026-08-20 23:00:00,Bodija,500,1.2186502583772985,Clear,Urban,West
2026-08-20 23:00:00,Ojoo,519,1.1760483083939743,Clear,Urban,North
2026-08-20 23:00:00,Mokola,1051,1.2604707842974472,Rain,Junction,South
2026-08-21 00:00:00,Challenge,443,1.233543306923206,Clear,Urban,Central
2026-08-21 00:00:00,Iwo Road,847,1.3587976312742696,Clear,Junction,East
2026-08-21 00:00:00,Bodija,1105,1.1734894811325685,Clear,Highway,West
2026-08-21 00:00:00,Ojoo,642,1.2216678886444,Clear,Urban,North
2026-08-21 00:00:00,Mokola,1182,1.2615058012372944,Clear,Highway,South
2026-08-21 01:00:00,Challenge,425,1.0543730989469282,Clear,Urban,Central
2026-08-21 01:00:00,Iwo Road,534,1.0681469003126125,Clear,Urban,East
2026-08-21 01:00:00,Bodija,1067,1.1595365647787883,Rain,Junction,West
2026-08-21 01:00:00,Ojoo,954,1.070477762465699,Clear,Urban,North
2026-08-21 01:00:00,Mokola,427,1.1666368911136795,Clear,Urban,South
2026-08-21 02:00:00,Challenge,950,1.0752234265916303,Clear,Urban,Central
2026-08-21 02:00:00,Iwo Road,529,1.0048279741202473,Clear,Urban,East
2026-08-21 02:00:00,Bodija,978,1.0252642112656558,Rain,Urban,West
2026-08-21 02:00:00,Ojoo,747,1.139940094436342,Clear,Urban,North
2026-08-21 02:00:00,Mokola,880,1.1050534449464293,Clear,Urban,South
2026-08-21 03:00:00,Challenge,734,1.2696233811014783,Clear,Urban,Central
2026-08-21 03:00:00,Iwo Road,763,1.1157991460478878,Clear,Urban,East
2026-08-21 03:00:00,Bodija,944,1.0126480152949855,Clear,Junction,West
2026-08-21 03:00:00,Ojoo,691,1.1253002961955287,Rain,Urban,North
2026-08-21 03:00:00,Mokola,1136,1.3770410801938988,Rain,Urban,South
2026-08-21 04:00:00,Challenge,1155,1.0854961048244487,Clear,Urban,Central
2026-08-21 04:00:00,Iwo Road,1002,1.2973331654262625,Clear,Urban,East
2026-08-21 04:00:00,Bodija,470,1.1922680449220306,Clear,Highway,West
2026-08-21 04:00:00,Ojoo,412,1.2363014885412258,Clear,Urban,North
2026-08-21 04:00:00,Mokola,1165,1.0933006765065567,Clear,Highway,South
2026-08-21 05:00:00,Challenge,904,1.0598197274227779,Clear,Highway,Central
2026-08-21 05:00:00,Iwo Road,574,1.283152278094614,Clear,Highway,East
2026-08-21 05:00:00,Bodija,733,1.332837894433246,Clear,Urban,West
2026-08-21 05:00:00,Ojoo,1013,1.1310265175688503,Clear,Urban,North
2026-08-21 05:00:00,Mokola,958,1.045425816391015,Rain,Urban,South
2026-08-21 06:00:00,Challenge,634,1.3216436984244526,Rain,Highway,Central
2026-08-21 06:00:00,Iwo Road,957,1.215227020293929,Rain,Urban,East
2026-08-21 06:00:00,Bodija,970,1.222494557610309,Clear,Junction,West
2026-08-21 06:00:00,Ojoo,543,1.3894768539400795,Clear,Urban,North
2026-08-21 06:00:00,Mokola,846,1.0572325581669255,Rain,Urban,South
2026-08-21 07:00:00,Challenge,2376,1.9922635235622475,Clear,Highway,Central
2026-08-21 07:00:00,Iwo Road,2117,2.259014122683059,Clear,Urban,East
2026-08-21 07:00:00,Bodija,1760,2.468160570055316,Clear,Urban,West
2026-08-21 07:00:00,Ojoo,1755,1.9935534834201558,Clear,Highway,North
2026-08-21 07:00:00,Mokola,2122,2.0352481060764998,Clear,Urban,South
2026-08-21 08:00:00,Challenge,2439,1.8324379220984472,Clear,Junction,Central
2026-08-21 08:00:00,Iwo Road,2121,2.277535323479929,Clear,Urban,East
2026-08-21 08:00:00,Bodija,2436,1.6364582556471898,Clear,Urban,West
2026-08-21 08:00:00,Ojoo,2091,1.6783738446322858,Clear,Urban,North
2026-08-21 08:00:00,Mokola,2044,2.238382865323135,Clear,Urban,South
2026-08-21 09:00:00,Challenge,1659,2.0136395946744012,Clear,Urban,Central
2026-08-21 09:00:00,Iwo Road,1569,1.7144642082692598,Clear,Urban,East
2026-08-21 09:00:00,Bodija,1829,1.9750253557061201,Clear,Urban,West
2026-08-21 09:00:00,Ojoo,1715,1.835901674815117,Clear,Urban,North
2026-08-21 09:00:00,Mokola,1526,1.6074387681512727,Rain,Urban,South
2026-08-21 10:00:00,Challenge,902,1.1169767218358062,Rain,Urban,Central
2026-08-21 10:00:00,Iwo Road,568,1.2293998339740864,Rain,Urban,East
2026-08-21 10:00:00,Bodija,936,1.033066815194617,Clear,Highway,West
2026-08-21 10:00:00,Ojoo,1081,1.2628790646560248,Clear,Highway,North
2026-08-21 10:00:00,Mokola,436,1.2102317496248967,Clear,Highway,South
2026-08-21 11:00:00,Challenge,487,1.1927349014305033,Clear,Urban,Central
2026-08-21 11:00:00,Iwo Road,930,1.2431830810734437,Clear,Urban,East
2026-08-21 11:00:00,Bodija,1162,1.3268408532010458,Rain,Urban,West
2026-08-21 11:00:00,Ojoo,957,1.2894437751031804,Rain,Urban,North
2026-08-21 11:00:00,Mokola,427,1.2596322408075538,Clear,Junction,South
2026-08-21 12:00:00,Challenge,732,1.0897033532604927,Clear,Junction,Central
2026-08-21 12:00:00,Iwo Road,649,1.0450016532952366,Clear,Urban,East
2026-08-21 12:00:00,Bodija,1006,1.0678254074284437,Rain,Junction,West
2026-08-21 12:00:00,Ojoo,496,1.1278608249021203,Rain,Urban,North
2026-08-21 12:00:00,Mokola,1141,1.024364890748611,Clear,Urban,South
2026-08-21 13:00:00,Challenge,719,1.1089868736132384,Rain,Junction,Central
2026-08-21 13:00:00,Iwo Road,943,1.1192779511502395,Clear,Urban,East
2026-08-21 13:00:00,Bodija,599,1.23143413943718,Clear,Junction,West
2026-08-21 13:00:00,Ojoo,1052,1.1354106538907343,Clear,Urban,North
2026-08-21 13:00:00,Mokola,959,1.2507135268207379,Clear,Urban,South
2026-08-21 14:00:00,Challenge,952,1.0590985297751845,Clear,Highway,Central
2026-08-21 14:00:00,Iwo Road,839,1.3489851260334695,Clear,Highway,East
2026-08-21 14:00:00,Bodija,494,1.0576415852131864,Heavy Rain,Urban,West
2026-08-21 14:00:00,Ojoo,412,1.2283412102177251,Clear,Highway,North
2026-08-21 14:00:00,Mokola,692,1.2611970926166869,Clear,Urban,South
2026-08-21 15:00:00,Challenge,1161,1.2374442177785656,Clear,Highway,Central
2026-08-21 15:00:00,Iwo Road,890,1.157487667861215,Clear,Highway,East
2026-08-21 15:00:00,Bodija,974,1.082419424085156,Clear,Urban,West
2026-08-21 15:00:00,Ojoo,1175,1.3574138333993746,Clear,Urban,North
2026-08-21 15:00:00,Mokola,862,1.3857533675136149,Clear,Urban,South
2026-08-21 16:00:00,Challenge,1842,1.8731078948046456,Rain,Urban,Central
2026-08-21 16:00:00,Iwo Road,1850,2.4883741276053732,Clear,Urban,East
2026-08-21 16:00:00,Bodija,2329,2.341685041435937,Clear,Urban,West
2026-08-21 16:00:00,Ojoo,1792,2.387608893144245,Clear,Urban,North
2026-08-21 16:00:00,Mokola,1947,2.1482758522539935,Rain,Urban,South
2026-08-21 17:00:00,Challenge,2234,2.1745075755229806,Clear,Junction,Central
2026-08-21 17:00:00,Iwo Road,2100,2.1953718917315577,Clear,Urban,East
2026-08-21 17:00:00,Bodija,2177,1.9830070291465165,Clear,Urban,West
2026-08-21 17:00:00,Ojoo,2282,1.8474812727762762,Clear,Urban,North
2026-08-21 17:00:00,Mokola,1988,2.2244608476450396,Clear,Urban,South
2026-08-21 18:00:00,Challenge,1891,1.899536524982505,Rain,Urban,Central
2026-08-21 18:00:00,Iwo Road,2219,2.0100547365701567,Clear,Urban,East
2026-08-21 18:00:00,Bodija,2490,1.938437611998241,Rain,Urban,West
2026-08-21 18:00:00,Ojoo,1772,2.0127921635431334,Clear,Urban,North
2026-08-21 18:00:00,Mokola,1631,2.028911149222017,Clear,Urban,South
2026-08-21 19:00:00,Challenge,2352,2.3116957573588306,Clear,Urban,Central
2026-08-21 19:00:00,Iwo Road,1979,2.4222202102624255,Clear,Urban,East
2026-08-21 19:00:00,Bodija,1620,2.3669329730200106,Clear,Urban,West
2026-08-21 19:00:00,Ojoo,2004,2.1204068075525626,Clear,Urban,North
2026-08-21 19:00:00,Mokola,2113,2.434753196166918,Clear,Urban,South
2026-08-21 20:00:00,Challenge,784,1.1013828518692064,Clear,Highway,Central
2026-08-21 20:00:00,Iwo Road,749,1.0155494788066757,Clear,Urban,East
2026-08-21 20:00:00,Bodija,962,1.0451432659774789,Clear,Highway,West
2026-08-21 20:00:00,Ojoo,1130,1.1527832076181075,Clear,Highway,North
2026-08-21 20:00:00,Mokola,662,1.0500312907265301,Clear,Urban,South
2026-08-21 21:00:00,Challenge,809,1.145559762598133,Rain,Urban,Central
2026-08-21 21:00:00,Iwo Road,1148,1.1567086968048013,Clear,Urban,East
2026-08-21 21:00:00,Bodija,795,1.0846867113847862,Clear,Urban,West
2026-08-21 21:00:00,Ojoo,1189,1.1699322946573245,Clear,Urban,North
2026-08-21 21:00:00,Mokola,425,1.2069730239251852,Clear,Junction,South
2026-08-21 22:00:00,Challenge,663,1.327642930471075,Clear,Highway,Central
2026-08-21 22:00:00,Iwo Road,861,1.3988681005702897,Clear,Urban,East
2026-08-21 22:00:00,Bodija,806,1.0880439320076654,Clear,Junction,West
2026-08-21 22:00:00,Ojoo,452,1.3247252427783114,Clear,Urban,North
2026-08-21 22:00:00,Mokola,759,1.1857326979180611,Clear,Urban,South
2026-08-21 23:00:00,Challenge,1176,1.3430641588169026,Clear,Urban,Central
2026-08-21 23:00:00,Iwo Road,826,1.2068601449135508,Clear,Urban,East
2026-08-21 23:00:00,Bodija,831,1.209303405175463,Clear,Junction,West
2026-08-21 23:00:00,Ojoo,1052,1.1351879916961916,Clear,Urban,North
2026-08-21 23:00:00,Mokola,1104,1.1764464656393334,Clear,Urban,South
2026-08-22 00:00:00,Challenge,517,1.391965773112952,Clear,Urban,Central
2026-08-22 00:00:00,Iwo Road,1039,1.0138864608735578,Clear,Urban,East
2026-08-22 00:00:00,Bodija,759,1.2052879903311275,Rain,Urban,West
2026-08-22 00:00:00,Ojoo,650,1.325720393468635,Clear,Urban,North
2026-08-22 00:00:00,Mokola,981,1.3168012504520783,Clear,Urban,South
2026-08-22 01:00:00,Challenge,913,1.3722117070696074,Rain,Urban,Central
2026-08-22 01:00:00,Iwo Road,1032,1.286961422162084,Rain,Urban,East
2026-08-22 01:00:00,Bodija,1014,1.0955618782670307,Clear,Urban,West
2026-08-22 01:00:00,Ojoo,461,1.1608524620115506,Clear,Urban,North
2026-08-22 01:00:00,Mokola,702,1.3556522142819434,Clear,Urban,South
2026-08-22 02:00:00,Challenge,559,1.1571803059965413,Heavy Rain,Urban,Central
2026-08-22 02:00:00,Iwo Road,842,1.275704654186382,Rain,Urban,East
2026-08-22 02:00:00,Bodija,467,1.2984523912954569,Clear,Urban,West
2026-08-22 02:00:00,Ojoo,573,1.2346926109559007,Rain,Urban,North
2026-08-22 02:00:00,Mokola,703,1.192509580731042,Clear,Urban,South
2026-08-22 03:00:00,Challenge,1161,1.2383791803170456,Clear,Highway,Central
2026-08-22 03:00:00,Iwo Road,501,1.1644188774224231,Clear,Urban,East
2026-08-22 03:00:00,Bodija,524,1.3336540953641536,Rain,Highway,West
2026-08-22 03:00:00,Ojoo,561,1.0539143139669753,Clear,Highway,North
2026-08-22 03:00:00,Mokola,1036,1.373058286936467,Clear,Urban,South
2026-08-22 04:00:00,Challenge,561,1.3635923567659456,Clear,Urban,Central
2026-08-22 04:00:00,Iwo Road,439,1.0875880508423206,Clear,Urban,East
2026-08-22 04:00:00,Bodija,778,1.0688777069703017,Clear,Urban,West
2026-08-22 04:00:00,Ojoo,1046,1.17537593798461,Clear,Urban,North
2026-08-22 04:00:00,Mokola,672,1.1095659482519615,Clear,Urban,South
2026-08-22 05:00:00,Challenge,706,1.3738607810828882,Clear,Highway,Central
2026-08-22 05:00:00,Iwo Road,984,1.1631539707401435,Clear,Urban,East
2026-08-22 05:00:00,Bodija,433,1.1837933204200661,Heavy Rain,Urban,West
2026-08-22 05:00:00,Ojoo,1168,1.325683506821865,Rain,Highway,North
2026-08-22 05:00:00,Mokola,1091,1.337271168261136,Clear,Urban,South
2026-08-22 06:00:00,Challenge,647,1.295511211567439,Heavy Rain,Urban,Central
2026-08-22 06:00:00,Iwo Road,985,1.3782518710995988,Clear,Urban,East
2026-08-22 06:00:00,Bodija,1023,1.2048844067241138,Clear,Highway,West
2026-08-22 06:00:00,Ojoo,978,1.2747809765541753,Rain,Urban,North
2026-08-22 06:00:00,Mokola,724,1.2219467667996629,Rain,Highway,South
2026-08-22 07:00:00,Challenge,2446,1.6211131195490391,Clear,Urban,Central
2026-08-22 07:00:00,Iwo Road,2350,1.822266901745639,Rain,Urban,East
2026-08-22 07:00:00,Bodija,1989,2.1303406048810003,Clear,Urban,West
2026-08-22 07:00:00,Ojoo,2193,2.006266903390212,Clear,Urban,North
2026-08-22 07:00:00,Mokola,1755,1.9455540048366755,Clear,Urban,South
2026-08-22 08:00:00,Challenge,1502,2.2817162710066197,Clear,Highway,Central
2026-08-22 08:00:00,Iwo Road,1971,1.930456432988163,Clear,Highway,East
2026-08-22 08:00:00,Bodija,1879,1.7138322310221785,Clear,Highway,West
2026-08-22 08:00:00,Ojoo,1841,2.2287720304887606,Clear,Urban,North
2026-08-22 08:00:00,Mokola,2157,2.003177672924674,Clear,Urban,South
2026-08-22 09:00:00,Challenge,2025,1.876889578620703,Clear,Urban,Central
2026-08-22 09:00:00,Iwo Road,1978,2.3890157921145834,Clear,Urban,East
2026-08-22 09:00:00,Bodija,1589,1.817976302811828,Clear,Urban,West
2026-08-22 09:00:00,Ojoo,1985,1.829322939428526,Rain,Urban,North
2026-08-22 09:00:00,Mokola,2277,2.169955134099696,Rain,Highway,South
2026-08-22 10:00:00,Challenge,922,1.2266256012920562,Heavy Rain,Urban,Central
2026-08-22 10:00:00,Iwo Road,449,1.1239061256571614,Clear,Urban,East
2026-08-22 10:00:00,Bodija,838,1.0306443057044452,Rain,Junction,West
2026-08-22 10:00:00,Ojoo,959,1.2164752223428097,Clear,Highway,North
2026-08-22 10:00:00,Mokola,748,1.2053522585121175,Rain,Urban,South
2026-08-22 11:00:00,Challenge,447,1.3385272051123493,Clear,Urban,Central
2026-08-22 11:00:00,Iwo Road,443,1.1869429153326447,Clear,Urban,East
2026-08-22 11:00:00,Bodija,796,1.2195367022373895,Clear,Urban,West
2026-08-22 11:00:00,Ojoo,901,1.3608982492384925,Rain,Urban,North
2026-08-22 11:00:00,Mokola,703,1.0353947582796057,Clear,Urban,South
2026-08-22 12:00:00,Challenge,548,1.3386137972493621,Clear,Urban,Central
2026-08-22 12:00:00,Iwo Road,495,1.306241927303117,Clear,Urban,East
2026-08-22 12:00:00,Bodija,662,1.1405423738619707,Clear,Urban,West
2026-08-22 12:00:00,Ojoo,794,1.2220022689337944,Rain,Urban,North
2026-08-22 12:00:00,Mokola,634,1.322007077293851,Clear,Urban,South
2026-08-22 13:00:00,Challenge,938,1.0999504840661911,Clear,Urban,Central
2026-08-22 13:00:00,Iwo Road,404,1.1714900567005926,Clear,Junction,East
2026-08-22 13:00:00,Bodija,981,1.3374347782374159,Clear,Junction,West
2026-08-22 13:00:00,Ojoo,606,1.2782710652861355,Rain,Urban,North
2026-08-22 13:00:00,Mokola,684,1.0551051717594078,Clear,Urban,South
2026-08-22 14:00:00,Challenge,843,1.3904055702395177,Clear,Urban,Central
2026-08-22 14:00:00,Iwo Road,1043,1.2775522754833288,Rain,Urban,East
2026-08-22 14:00:00,Bodija,530,1.0233188815449428,Heavy Rain,Urban,West
2026-08-22 14:00:00,Ojoo,528,1.1298645068740776,Clear,Urban,North
2026-08-22 14:00:00,Mokola,858,1.139095134223726,Rain,Urban,South
2026-08-22 15:00:00,Challenge,555,1.2821450763586726,Clear,Urban,Central
2026-08-22 15:00:00,Iwo Road,1061,1.3417383931130862,Clear,Urban,East
2026-08-22 15:00:00,Bodija,1122,1.2186717999555148,Clear,Highway,West
2026-08-22 15:00:00,Ojoo,459,1.202065607317326,Clear,Urban,North
2026-08-22 15:00:00,Mokola,505,1.2325466228818298,Rain,Highway,South
2026-08-22 16:00:00,Challenge,2378,1.6718707821240308,Rain,Urban,Central
2026-08-22 16:00:00,Iwo Road,2407,2.225787054661946,Clear,Urban,East
2026-08-22 16:00:00,Bodija,2367,1.626528716912003,Clear,Junction,West
2026-08-22 16:00:00,Ojoo,2178,1.938344537862964,Clear,Urban,North
2026-08-22 16:00:00,Mokola,2211,2.3314811679674436,Clear,Urban,South
2026-08-22 17:00:00,Challenge,1712,2.4542012111994223,Heavy Rain,Urban,Central
2026-08-22 17:00:00,Iwo Road,2102,2.1703908938186465,Clear,Urban,East
2026-08-22 17:00:00,Bodija,2449,2.01450940680603,Clear,Highway,West
2026-08-22 17:00:00,Ojoo,1925,1.7623203714534867,Rain,Highway,North
2026-08-22 17:00:00,Mokola,2426,1.7504208833823764,Clear,Urban,South
2026-08-22 18:00:00,Challenge,2416,1.6488440668504363,Clear,Highway,Central
2026-08-22 18:00:00,Iwo Road,1809,2.2038772385372063,Rain,Highway,East
2026-08-22 18:00:00,Bodija,2040,2.40691437247235,Clear,Urban,West
2026-08-22 18:00:00,Ojoo,2105,2.074862011154837,Clear,Junction,North
2026-08-22 18:00:00,Mokola,2466,2.1544830890349944,Clear,Junction,South
2026-08-22 19:00:00,Challenge,1524,2.2994673184956484,Clear,Urban,Central
2026-08-22 19:00:00,Iwo Road,2325,1.653561198307577,Clear,Junction,East
2026-08-22 19:00:00,Bodija,1926,2.231027018245219,Clear,Urban,West
2026-08-22 19:00:00,Ojoo,2440,2.1184727911130445,Clear,Highway,North
2026-08-22 19:00:00,Mokola,2449,2.24371316813437,Clear,Highway,South
2026-08-22 20:00:00,Challenge,678,1.388866649496276,Clear,Urban,Central
2026-08-22 20:00:00,Iwo Road,559,1.2864252213678231,Clear,Urban,East
2026-08-22 20:00:00,Bodija,1175,1.2504979291052132,Clear,Highway,West
2026-08-22 20:00:00,Ojoo,652,1.102501969555629,Clear,Urban,North
2026-08-22 20:00:00,Mokola,992,1.3960703174522873,Clear,Urban,South
2026-08-22 21:00:00,Challenge,947,1.294257064004546,Clear,Urban,Central
2026-08-22 21:00:00,Iwo Road,920,1.286225130932893,Clear,Urban,East
2026-08-22 21:00:00,Bodija,636,1.1440568456555753,Clear,Urban,West
2026-08-22 21:00:00,Ojoo,845,1.0674806571214983,Clear,Urban,North
2026-08-22 21:00:00,Mokola,788,1.3915424060712938,Rain,Urban,South
2026-08-22 22:00:00,Challenge,700,1.2755070063836604,Clear,Highway,Central
2026-08-22 22:00:00,Iwo Road,728,1.3217281304388688,Rain,Urban,East
2026-08-22 22:00:00,Bodija,864,1.0010804867336653,Clear,Urban,West
2026-08-22 22:00:00,Ojoo,910,1.1184255362850344,Clear,Highway,North
2026-08-22 22:00:00,Mokola,619,1.2588280665035496,Clear,Urban,South
2026-08-22 23:00:00,Challenge,785,1.0296434997201553,Clear,Urban,Central
2026-08-22 23:00:00,Iwo Road,1162,1.2944069473461344,Clear,Junction,East
2026-08-22 23:00:00,Bodija,564,1.3800276621093623,Clear,Highway,West
2026-08-22 23:00:00,Ojoo,976,1.1152847873792424,Clear,Urban,North
2026-08-22 23:00:00,Mokola,476,1.0567732843037594,Clear,Urban,South
2026-08-23 00:00:00,Challenge,844,1.0756069130985988,Clear,Urban,Central
2026-08-23 00:00:00,Iwo Road,864,1.0869790536030801,Clear,Urban,East
2026-08-23 00:00:00,Bodija,958,1.3756434793240961,Clear,Highway,West
2026-08-23 00:00:00,Ojoo,988,1.356329652604251,Clear,Junction,North
2026-08-23 00:00:00,Mokola,968,1.2917704375930859,Heavy Rain,Highway,South
2026-08-23 01:00:00,Challenge,1068,1.3378836668303449,Clear,Urban,Central
2026-08-23 01:00:00,Iwo Road,728,1.2682812296583574,Clear,Highway,East
2026-08-23 01:00:00,Bodija,620,1.0746931976389484,Clear,Urban,West
2026-08-23 01:00:00,Ojoo,1083,1.0637561062995684,Clear,Urban,North
2026-08-23 01:00:00,Mokola,774,1.0133751942244391,Clear,Junction,South
2026-08-23 02:00:00,Challenge,446,1.2815768329687849,Clear,Urban,Central
2026-08-23 02:00:00,Iwo Road,781,1.2581111021294251,Rain,Highway,East
2026-08-23 02:00:00,Bodija,493,1.202857553056154,Rain,Urban,West
2026-08-23 02:00:00,Ojoo,611,1.0289086836045407,Clear,Urban,North
2026-08-23 02:00:00,Mokola,1002,1.1361099928936123,Clear,Urban,South
2026-08-23 03:00:00,Challenge,1079,1.195835038497219,Clear,Urban,Central
2026-08-23 03:00:00,Iwo Road,454,1.0246022945834554,Clear,Urban,East
2026-08-23 03:00:00,Bodija,1061,1.2852067342935114,Clear,Urban,West
2026-08-23 03:00:00,Ojoo,1138,1.088449305155606,Clear,Urban,North
2026-08-23 03:00:00,Mokola,570,1.0535764877600002,Rain,Urban,South
2026-08-23 04:00:00,Challenge,999,1.2042957318024867,Clear,Urban,Central
2026-08-23 04:00:00,Iwo Road,508,1.2040851665912489,Clear,Urban,East
2026-08-23 04:00:00,Bodija,636,1.061318464206155,Rain,Highway,West
2026-08-23 04:00:00,Ojoo,775,1.0749401670649708,Rain,Urban,North
2026-08-23 04:00:00,Mokola,1191,1.0683779574270342,Clear,Urban,South
2026-08-23 05:00:00,Challenge,788,1.3311314428264769,Clear,Urban,Central
2026-08-23 05:00:00,Iwo Road,1078,1.2948910708999306,Clear,Urban,East
2026-08-23 05:00:00,Bodija,1195,1.179793104840432,Heavy Rain,Urban,West
2026-08-23 05:00:00,Ojoo,756,1.27515945819163,Rain,Urban,North
2026-08-23 05:00:00,Mokola,950,1.169230209118593,Clear,Urban,South
2026-08-23 06:00:00,Challenge,520,1.2966412078948835,Clear,Urban,Central
2026-08-23 06:00:00,Iwo Road,1087,1.348881811599558,Clear,Urban,East
2026-08-23 06:00:00,Bodija,1186,1.3373916676502056,Clear,Urban,West
2026-08-23 06:00:00,Ojoo,956,1.114472348319163,Clear,Junction,North
2026-08-23 06:00:00,Mokola,1116,1.2412015361719646,Rain,Urban,South
2026-08-23 07:00:00,Challenge,1843,2.0509426400149766,Clear,Highway,Central
2026-08-23 07:00:00,Iwo Road,2273,1.74601199332652,Clear,Urban,East
2026-08-23 07:00:00,Bodija,1528,2.13085095499578,Clear,Urban,West
2026-08-23 07:00:00,Ojoo,1891,2.4589613588479593,Clear,Urban,North
2026-08-23 07:00:00,Mokola,1779,2.1064198802116563,Rain,Highway,South
2026-08-23 08:00:00,Challenge,1950,2.3355333420887705,Clear,Urban,Central
2026-08-23 08:00:00,Iwo Road,2006,1.923245641852377,Clear,Highway,East
2026-08-23 08:00:00,Bodija,1925,1.6427659814863995,Clear,Urban,West
2026-08-23 08:00:00,Ojoo,2104,2.119962193144758,Clear,Urban,North
2026-08-23 08:00:00,Mokola,2006,1.743921920521715,Clear,Urban,South
2026-08-23 09:00:00,Challenge,2186,2.0619147148868135,Clear,Urban,Central
2026-08-23 09:00:00,Iwo Road,2106,2.057480524849025,Clear,Urban,East
2026-08-23 09:00:00,Bodija,1775,1.618579095591214,Heavy Rain,Urban,West
2026-08-23 09:00:00,Ojoo,1723,1.8682382705122205,Clear,Urban,North
2026-08-23 09:00:00,Mokola,1740,1.6984599329143006,Clear,Urban,South
2026-08-23 10:00:00,Challenge,733,1.1707621282545213,Clear,Urban,Central
2026-08-23 10:00:00,Iwo Road,1075,1.0458024785875926,Clear,Urban,East
2026-08-23 10:00:00,Bodija,790,1.0860019073080114,Clear,Urban,West
2026-08-23 10:00:00,Ojoo,541,1.0690436451609098,Clear,Urban,North
2026-08-23 10:00:00,Mokola,409,1.1999909059849674,Clear,Urban,South
2026-08-23 11:00:00,Challenge,1141,1.1687019921136783,Clear,Urban,Central
2026-08-23 11:00:00,Iwo Road,405,1.0860340915140372,Clear,Highway,East
2026-08-23 11:00:00,Bodija,794,1.3172041230502396,Clear,Urban,West
2026-08-23 11:00:00,Ojoo,1172,1.1042533819028004,Clear,Urban,North
2026-08-23 11:00:00,Mokola,937,1.0744660142984281,Clear,Highway,South
2026-08-23 12:00:00,Challenge,402,1.3368096872259803,Clear,Urban,Central
2026-08-23 12:00:00,Iwo Road,674,1.2418450854020886,Clear,Highway,East
2026-08-23 12:00:00,Bodija,654,1.1581426043445533,Rain,Urban,West
2026-08-23 12:00:00,Ojoo,603,1.3407551929881532,Clear,Urban,North
2026-08-23 12:00:00,Mokola,697,1.1396641546263,Clear,Urban,South
2026-08-23 13:00:00,Challenge,598,1.3365665744101398,Clear,Urban,Central
2026-08-23 13:00:00,Iwo Road,1033,1.3073871182656536,Clear,Urban,East
2026-08-23 13:00:00,Bodija,857,1.0318623363723547,Clear,Urban,West
2026-08-23 13:00:00,Ojoo,600,1.0007727657166021,Clear,Urban,North
2026-08-23 13:00:00,Mokola,798,1.353828794823305,Clear,Urban,South
2026-08-23 14:00:00,Challenge,533,1.3021724402488108,Clear,Urban,Central
2026-08-23 14:00:00,Iwo Road,1024,1.1355204679708453,Clear,Urban,East
2026-08-23 14:00:00,Bodija,546,1.2133579566027217,Clear,Urban,West
2026-08-23 14:00:00,Ojoo,1035,1.1596437198229703,Clear,Urban,North
2026-08-23 14:00:00,Mokola,827,1.0165001293886922,Clear,Highway,South
2026-08-23 15:00:00,Challenge,449,1.307359971579512,Clear,Urban,Central
2026-08-23 15:00:00,Iwo Road,1199,1.000452590048348,Clear,Urban,East
2026-08-23 15:00:00,Bodija,879,1.0059844793025203,Clear,Urban,West
2026-08-23 15:00:00,Ojoo,565,1.3475805578403224,Rain,Urban,North
2026-08-23 15:00:00,Mokola,882,1.372140470853227,Rain,Urban,South
2026-08-23 16:00:00,Challenge,2143,2.0197542556243424,Clear,Urban,Central
2026-08-23 16:00:00,Iwo Road,2494,2.264924545070818,Clear,Junction,East
2026-08-23 16:00:00,Bodija,2054,1.8335970237984893,Clear,Highway,West
2026-08-23 16:00:00,Ojoo,2235,2.2995719333295264,Heavy Rain,Urban,North
2026-08-23 16:00:00,Mokola,2215,1.6199409664746192,Clear,Urban,South
2026-08-23 17:00:00,Challenge,1578,2.1727354351386317,Rain,Urban,Central
2026-08-23 17:00:00,Iwo Road,1771,2.495005079691026,Heavy Rain,Urban,East
2026-08-23 17:00:00,Bodija,1941,2.0829609517619447,Rain,Urban,West
2026-08-23 17:00:00,Ojoo,1555,1.82425704751813,Clear,Urban,North
2026-08-23 17:00:00,Mokola,1777,1.7069673206286136,Clear,Urban,South
2026-08-23 18:00:00,Challenge,2002,1.9226568680758005,Clear,Junction,Central
2026-08-23 18:00:00,Iwo Road,1578,2.49243481209775,Clear,Urban,East
2026-08-23 18:00:00,Bodija,1575,2.31097728361285,Rain,Highway,West
2026-08-23 18:00:00,Ojoo,2194,2.131985842482053,Clear,Urban,North
2026-08-23 18:00:00,Mokola,2353,2.074807349221125,Clear,Urban,South
2026-08-23 19:00:00,Challenge,2090,2.0332444405735846,Clear,Urban,Central
2026-08-23 19:00:00,Iwo Road,2376,1.7390439125854344,Clear,Urban,East
2026-08-23 19:00:00,Bodija,2273,2.325414854142762,Clear,Highway,West
2026-08-23 19:00:00,Ojoo,2153,1.9015831908415084,Clear,Urban,North
2026-08-23 19:00:00,Mokola,1606,1.8574540464933569,Clear,Urban,South
2026-08-23 20:00:00,Challenge,687,1.0687427479001859,Clear,Urban,Central
2026-08-23 20:00:00,Iwo Road,1131,1.1488981180744284,Clear,Urban,East
2026-08-23 20:00:00,Bodija,864,1.32890988458917,Clear,Junction,West
2026-08-23 20:00:00,Ojoo,1090,1.269356591611934,Rain,Urban,North
2026-08-23 20:00:00,Mokola,462,1.2210013905046175,Clear,Urban,South
2026-08-23 21:00:00,Challenge,1185,1.3206989667383042,Clear,Urban,Central
2026-08-23 21:00:00,Iwo Road,476,1.2871042179264922,Clear,Urban,East
2026-08-23 21:00:00,Bodija,476,1.2970922917816359,Clear,Urban,West
2026-08-23 21:00:00,Ojoo,987,1.2233537910280887,Rain,Urban,North
2026-08-23 21:00:00,Mokola,1161,1.36410870850158,Clear,Urban,South
2026-08-23 22:00:00,Challenge,455,1.00733535560426,Clear,Urban,Central
2026-08-23 22:00:00,Iwo Road,1069,1.1805983756477776,Rain,Highway,East
2026-08-23 22:00:00,Bodija,672,1.146853134124106,Rain,Urban,West
2026-08-23 22:00:00,Ojoo,604,1.3479623735561284,Clear,Urban,North
2026-08-23 22:00:00,Mokola,585,1.093722039734871,Clear,Urban,South
2026-08-23 23:00:00,Challenge,400,1.3340917163384058,Rain,Urban,Central
2026-08-23 23:00:00,Iwo Road,560,1.3926316119058377,Rain,Junction,East
2026-08-23 23:00:00,Bodija,870,1.0434429609385971,Clear,Urban,West
2026-08-23 23:00:00,Ojoo,438,1.329592155662826,Clear,Highway,North
2026-08-23 23:00:00,Mokola,1199,1.0048719341666166,Clear,Urban,South
2026-08-24 00:00:00,Challenge,734,1.170963315161726,Clear,Junction,Central
2026-08-24 00:00:00,Iwo Road,785,1.2276603922618285,Rain,Urban,East
2026-08-24 00:00:00,Bodija,1193,1.1005230748568626,Clear,Urban,West
2026-08-24 00:00:00,Ojoo,601,1.3026819640445877,Clear,Urban,North
2026-08-24 00:00:00,Mokola,892,1.314666779549985,Rain,Urban,South
2026-08-24 01:00:00,Challenge,1191,1.1967162530494673,Clear,Urban,Central
2026-08-24 01:00:00,Iwo Road,716,1.1214932356354181,Clear,Urban,East
2026-08-24 01:00:00,Bodija,458,1.3827967075481764,Clear,Urban,West
2026-08-24 01:00:00,Ojoo,753,1.1941379588537673,Rain,Junction,North
2026-08-24 01:00:00,Mokola,870,1.0496946822223236,Clear,Urban,South
2026-08-24 02:00:00,Challenge,1093,1.3639294563328241,Rain,Urban,Central
2026-08-24 02:00:00,Iwo Road,815,1.1916865029734065,Clear,Urban,East
2026-08-24 02:00:00,Bodija,502,1.1801532852156031,Clear,Urban,West
2026-08-24 02:00:00,Ojoo,428,1.3624436322588152,Rain,Highway,North
2026-08-24 02:00:00,Mokola,884,1.1000985301051747,Clear,Urban,South
2026-08-24 03:00:00,Challenge,436,1.3657778728224832,Rain,Junction,Central
2026-08-24 03:00:00,Iwo Road,893,1.0128438321928233,Clear,Urban,East
2026-08-24 03:00:00,Bodija,959,1.3051877554836093,Clear,Urban,West
2026-08-24 03:00:00,Ojoo,701,1.1330626399283565,Clear,Highway,North
2026-08-24 03:00:00,Mokola,645,1.224083761096378,Clear,Junction,South
2026-08-24 04:00:00,Challenge,793,1.070817317811359,Clear,Junction,Central
2026-08-24 04:00:00,Iwo Road,727,1.0048250071289604,Clear,Urban,East
2026-08-24 04:00:00,Bodija,998,1.2317518909391794,Clear,Urban,West
2026-08-24 04:00:00,Ojoo,1152,1.3902277853424327,Clear,Junction,North
2026-08-24 04:00:00,Mokola,1193,1.1379147714618145,Rain,Urban,South
2026-08-24 05:00:00,Challenge,685,1.3467056009165375,Clear,Junction,Central
2026-08-24 05:00:00,Iwo Road,720,1.089958722292163,Clear,Urban,East
2026-08-24 05:00:00,Bodija,1098,1.0466411865715204,Clear,Highway,West
2026-08-24 05:00:00,Ojoo,706,1.3940829303644375,Rain,Urban,North
2026-08-24 05:00:00,Mokola,1044,1.186308078199171,Clear,Highway,South
2026-08-24 06:00:00,Challenge,777,1.1790495490662098,Rain,Urban,Central
2026-08-24 06:00:00,Iwo Road,788,1.1032632670633913,Clear,Urban,East
2026-08-24 06:00:00,Bodija,471,1.2811164085511384,Clear,Urban,West
2026-08-24 06:00:00,Ojoo,867,1.3008619569030664,Clear,Urban,North
2026-08-24 06:00:00,Mokola,546,1.396149771831545,Clear,Highway,South
2026-08-24 07:00:00,Challenge,1631,2.484650429458199,Clear,Urban,Central
2026-08-24 07:00:00,Iwo Road,2294,2.120459753656063,Clear,Junction,East
2026-08-24 07:00:00,Bodija,1835,2.1012568824977578,Clear,Urban,West
2026-08-24 07:00:00,Ojoo,1641,1.974506689988674,Clear,Urban,North
2026-08-24 07:00:00,Mokola,1775,2.2815660148640737,Clear,Urban,South
2026-08-24 08:00:00,Challenge,2447,1.9132271374374277,Clear,Junction,Central
2026-08-24 08:00:00,Iwo Road,1679,1.9445417871671535,Clear,Urban,East
2026-08-24 08:00:00,Bodija,2060,1.8419031683454437,Clear,Urban,West
2026-08-24 08:00:00,Ojoo,1827,2.4832741496502972,Clear,Urban,North
2026-08-24 08:00:00,Mokola,1841,1.9069924424222122,Clear,Urban,South
2026-08-24 09:00:00,Challenge,2301,1.750859407456526,Clear,Highway,Central
2026-08-24 09:00:00,Iwo Road,2354,1.6218162331201509,Clear,Urban,East
2026-08-24 09:00:00,Bodija,1740,1.6922810843013796,Clear,Highway,West
2026-08-24 09:00:00,Ojoo,1923,1.6094734416787313,Heavy Rain,Urban,North
2026-08-24 09:00:00,Mokola,2481,2.2466781863100214,Clear,Urban,South
2026-08-24 10:00:00,Challenge,583,1.3349320615732163,Clear,Urban,Central
2026-08-24 10:00:00,Iwo Road,982,1.080306691623734,Clear,Urban,East
2026-08-24 10:00:00,Bodija,440,1.0157807811690767,Clear,Highway,West
2026-08-24 10:00:00,Ojoo,483,1.2714597748731467,Clear,Urban,North
2026-08-24 10:00:00,Mokola,837,1.3660129693884335,Rain,Urban,South
2026-08-24 11:00:00,Challenge,1187,1.3119274702492574,Rain,Urban,Central
2026-08-24 11:00:00,Iwo Road,680,1.3380326550942006,Clear,Highway,East
2026-08-24 11:00:00,Bodija,452,1.1120865627962284,Clear,Urban,West
2026-08-24 11:00:00,Ojoo,868,1.103062809196462,Clear,Urban,North
2026-08-24 11:00:00,Mokola,600,1.3335666401844146,Clear,Urban,South
2026-08-24 12:00:00,Challenge,1051,1.164625508760412,Clear,Highway,Central
2026-08-24 12:00:00,Iwo Road,576,1.1673787158864912,Clear,Urban,East
2026-08-24 12:00:00,Bodija,613,1.1847337738242434,Clear,Urban,West
2026-08-24 12:00:00,Ojoo,860,1.0969675255548843,Clear,Highway,North
2026-08-24 12:00:00,Mokola,1089,1.2758542967660484,Clear,Urban,South
2026-08-24 13:00:00,Challenge,1026,1.1643686278775356,Clear,Urban,Central
2026-08-24 13:00:00,Iwo Road,773,1.2560195187720224,Clear,Urban,East
2026-08-24 13:00:00,Bodija,435,1.005369166048051,Clear,Highway,West
2026-08-24 13:00:00,Ojoo,767,1.2080078185158094,Clear,Highway,North
2026-08-24 13:00:00,Mokola,954,1.2974514714402985,Heavy Rain,Urban,South
2026-08-24 14:00:00,Challenge,934,1.093677770246725,Clear,Highway,Central
2026-08-24 14:00:00,Iwo Road,771,1.3404443303390219,Clear,Junction,East
2026-08-24 14:00:00,Bodija,983,1.3154207368033026,Clear,Highway,West
2026-08-24 14:00:00,Ojoo,835,1.3903932477569798,Clear,Highway,North
2026-08-24 14:00:00,Mokola,621,1.3625416844382583,Rain,Urban,South
2026-08-24 15:00:00,Challenge,1140,1.066524680083633,Clear,Urban,Central
2026-08-24 15:00:00,Iwo Road,505,1.2900384075590603,Heavy Rain,Urban,East
2026-08-24 15:00:00,Bodija,1196,1.1891923925482943,Clear,Urban,West
2026-08-24 15:00:00,Ojoo,507,1.1518523469942537,Clear,Urban,North
2026-08-24 15:00:00,Mokola,574,1.1895040614954882,Rain,Urban,South
2026-08-24 16:00:00,Challenge,1582,1.9123423233583994,Clear,Highway,Central
2026-08-24 16:00:00,Iwo Road,1890,2.0914889272029615,Clear,Urban,East
2026-08-24 16:00:00,Bodija,2047,2.253563921451815,Clear,Highway,West
2026-08-24 16:00:00,Ojoo,1701,2.308593253711656,Heavy Rain,Highway,North
2026-08-24 16:00:00,Mokola,1997,1.8902007611663687,Rain,Urban,South
2026-08-24 17:00:00,Challenge,1853,2.4416960291537873,Clear,Urban,Central
2026-08-24 17:00:00,Iwo Road,1777,1.7658385685536695,Clear,Urban,East
2026-08-24 17:00:00,Bodija,2024,2.2120987285899494,Clear,Junction,West
2026-08-24 17:00:00,Ojoo,1825,1.6795938286019523,Heavy Rain,Junction,North
2026-08-24 17:00:00,Mokola,1973,1.879132498981722,Clear,Urban,South
2026-08-24 18:00:00,Challenge,2309,2.3011845490435934,Clear,Urban,Central
2026-08-24 18:00:00,Iwo Road,1527,2.032213042123924,Clear,Urban,East
2026-08-24 18:00:00,Bodija,2012,2.3203697762443105,Clear,Junction,West
2026-08-24 18:00:00,Ojoo,2194,2.4329763894822056,Rain,Highway,North
2026-08-24 18:00:00,Mokola,1716,2.2418971045693947,Clear,Junction,South
2026-08-24 19:00:00,Challenge,2217,1.7293224465355606,Clear,Highway,Central
2026-08-24 19:00:00,Iwo Road,1832,2.1193376757910225,Clear,Urban,East
2026-08-24 19:00:00,Bodija,1746,2.3866934164595897,Clear,Highway,West
2026-08-24 19:00:00,Ojoo,2274,2.264635574967495,Rain,Urban,North
2026-08-24 19:00:00,Mokola,1785,2.498123620971059,Clear,Urban,South
2026-08-24 20:00:00,Challenge,737,1.0186166084876271,Clear,Urban,Central
2026-08-24 20:00:00,Iwo Road,891,1.3905652889536224,Clear,Junction,East
2026-08-24 20:00:00,Bodija,960,1.1557472041525603,Rain,Urban,West
2026-08-24 20:00:00,Ojoo,507,1.032134746627795,Rain,Urban,North
2026-08-24 20:00:00,Mokola,448,1.1015190570223967,Clear,Urban,South
2026-08-24 21:00:00,Challenge,843,1.096924242554979,Clear,Urban,Central
2026-08-24 21:00:00,Iwo Road,862,1.220297312356429,Clear,Urban,East
2026-08-24 21:00:00,Bodija,1052,1.0356012711930718,Clear,Highway,West
2026-08-24 21:00:00,Ojoo,1192,1.1000227034040613,Clear,Urban,North
2026-08-24 21:00:00,Mokola,1069,1.160978055377437,Clear,Junction,South
2026-08-24 22:00:00,Challenge,968,1.2819183344528746,Rain,Urban,Central
2026-08-24 22:00:00,Iwo Road,743,1.0908598987085307,Clear,Urban,East
2026-08-24 22:00:00,Bodija,467,1.080500145820468,Clear,Urban,West
2026-08-24 22:00:00,Ojoo,808,1.1742020109813036,Clear,Urban,North
2026-08-24 22:00:00,Mokola,1193,1.3077583107363209,Clear,Urban,South
2026-08-24 23:00:00,Challenge,519,1.023028746121119,Rain,Urban,Central
2026-08-24 23:00:00,Iwo Road,477,1.1520964665653561,Rain,Urban,East
2026-08-24 23:00:00,Bodija,693,1.32323106708025,Clear,Junction,West
2026-08-24 23:00:00,Ojoo,405,1.201291338154447,Clear,Junction,North
2026-08-24 23:00:00,Mokola,958,1.253199777538771,Clear,Urban,South
2026-08-25 00:00:00,Challenge,514,1.3107441307593124,Rain,Urban,Central
2026-08-25 00:00:00,Iwo Road,613,1.3448336343360925,Rain,Highway,East
2026-08-25 00:00:00,Bodija,1037,1.0570887415874153,Clear,Urban,West
2026-08-25 00:00:00,Ojoo,1158,1.354550553849758,Clear,Urban,North
2026-08-25 00:00:00,Mokola,983,1.3795909376478384,Rain,Urban,South
2026-08-25 01:00:00,Challenge,1160,1.259083629916092,Clear,Urban,Central
2026-08-25 01:00:00,Iwo Road,1136,1.3876996555290033,Clear,Urban,East
2026-08-25 01:00:00,Bodija,640,1.3891909521681218,Clear,Urban,West
2026-08-25 01:00:00,Ojoo,997,1.0167882013624268,Clear,Urban,North
2026-08-25 01:00:00,Mokola,931,1.380137390605562,Clear,Urban,South
2026-08-25 02:00:00,Challenge,1139,1.3302685783917911,Clear,Highway,Central
2026-08-25 02:00:00,Iwo Road,1118,1.2571007655838187,Clear,Urban,East
2026-08-25 02:00:00,Bodija,627,1.2982953260164758,Clear,Urban,West
2026-08-25 02:00:00,Ojoo,1132,1.1294437877736283,Rain,Highway,North
2026-08-25 02:00:00,Mokola,916,1.1186483447335673,Rain,Junction,South
2026-08-25 03:00:00,Challenge,1178,1.3959922459956722,Clear,Urban,Central
2026-08-25 03:00:00,Iwo Road,842,1.2002939624576794,Clear,Urban,East
2026-08-25 03:00:00,Bodija,1033,1.3038247335655633,Rain,Junction,West
2026-08-25 03:00:00,Ojoo,535,1.106062491882126,Clear,Urban,North
2026-08-25 03:00:00,Mokola,829,1.1903926761396881,Heavy Rain,Urban,South
2026-08-25 04:00:00,Challenge,486,1.113624184831886,Rain,Urban,Central
2026-08-25 04:00:00,Iwo Road,985,1.1836636521503645,Clear,Urban,East
2026-08-25 04:00:00,Bodija,1048,1.1698524639161163,Clear,Highway,West
2026-08-25 04:00:00,Ojoo,566,1.2080850755027317,Clear,Junction,North
2026-08-25 04:00:00,Mokola,1143,1.144213167140659,Rain,Urban,South
2026-08-25 05:00:00,Challenge,961,1.2492589469343827,Rain,Urban,Central
2026-08-25 05:00:00,Iwo Road,909,1.2855658336334537,Clear,Urban,East
2026-08-25 05:00:00,Bodija,555,1.1994921460367725,Heavy Rain,Urban,West
2026-08-25 05:00:00,Ojoo,880,1.277868691838783,Rain,Urban,North
2026-08-25 05:00:00,Mokola,1005,1.2426103468202134,Clear,Urban,South
2026-08-25 06:00:00,Challenge,603,1.2510479495930822,Clear,Urban,Central
2026-08-25 06:00:00,Iwo Road,899,1.3186834670170289,Clear,Urban,East
2026-08-25 06:00:00,Bodija,874,1.0666182354375204,Clear,Urban,West
2026-08-25 06:00:00,Ojoo,887,1.2405536891074922,Rain,Urban,North
2026-08-25 06:00:00,Mokola,968,1.212729404324322,Clear,Urban,South
2026-08-25 07:00:00,Challenge,1968,2.0076982907469674,Clear,Urban,Central
2026-08-25 07:00:00,Iwo Road,1683,1.8278369129406558,Rain,Highway,East
2026-08-25 07:00:00,Bodija,1928,1.9982421823012337,Clear,Urban,West
2026-08-25 07:00:00,Ojoo,2451,2.1020224130882323,Rain,Urban,North
2026-08-25 07:00:00,Mokola,1527,2.080770902627757,Clear,Urban,South
2026-08-25 08:00:00,Challenge,1702,1.7139059228560833,Rain,Urban,Central
2026-08-25 08:00:00,Iwo Road,1689,1.6639061022003299,Rain,Highway,East
2026-08-25 08:00:00,Bodija,2352,2.116555380693933,Rain,Urban,West
2026-08-25 08:00:00,Ojoo,2296,2.137171174706042,Clear,Urban,North
2026-08-25 08:00:00,Mokola,1998,2.463615328866159,Clear,Urban,South
2026-08-25 09:00:00,Challenge,2151,2.151240556387375,Clear,Urban,Central
2026-08-25 09:00:00,Iwo Road,1884,1.8886293565371906,Clear,Urban,East
2026-08-25 09:00:00,Bodija,2404,1.866851413921545,Clear,Urban,West
2026-08-25 09:00:00,Ojoo,1871,2.0211868294935478,Clear,Urban,North
2026-08-25 09:00:00,Mokola,1855,2.058900953385049,Clear,Urban,South
2026-08-25 10:00:00,Challenge,622,1.3885189841226366,Clear,Junction,Central
2026-08-25 10:00:00,Iwo Road,585,1.3763784773082617,Clear,Junction,East
2026-08-25 10:00:00,Bodija,792,1.2175745649161072,Clear,Urban,West
2026-08-25 10:00:00,Ojoo,943,1.2520028541786092,Rain,Urban,North
2026-08-25 10:00:00,Mokola,535,1.0899500367222783,Clear,Urban,South
2026-08-25 11:00:00,Challenge,1131,1.3607353265766684,Clear,Urban,Central
2026-08-25 11:00:00,Iwo Road,560,1.1515389859402219,Rain,Highway,East
2026-08-25 11:00:00,Bodija,451,1.2119099661027193,Clear,Highway,West
2026-08-25 11:00:00,Ojoo,949,1.0899800175508134,Rain,Urban,North
2026-08-25 11:00:00,Mokola,979,1.250338666420244,Clear,Urban,South
2026-08-25 12:00:00,Challenge,412,1.2800753037176211,Clear,Urban,Central
2026-08-25 12:00:00,Iwo Road,657,1.0226818605480186,Clear,Urban,East
2026-08-25 12:00:00,Bodija,1104,1.364502460733715,Clear,Urban,West
2026-08-25 12:00:00,Ojoo,750,1.348474818540127,Clear,Urban,North
2026-08-25 12:00:00,Mokola,812,1.3563427858110553,Clear,Junction,South
2026-08-25 13:00:00,Challenge,436,1.155819665792609,Clear,Junction,Central
2026-08-25 13:00:00,Iwo Road,947,1.3644941661790773,Rain,Urban,East
2026-08-25 13:00:00,Bodija,477,1.1162975463562694,Clear,Junction,West
2026-08-25 13:00:00,Ojoo,670,1.1587647695946781,Clear,Urban,North
2026-08-25 13:00:00,Mokola,975,1.1954925075909149,Clear,Urban,South
2026-08-25 14:00:00,Challenge,862,1.0879531958829396,Clear,Urban,Central
2026-08-25 14:00:00,Iwo Road,747,1.2774470551131514,Rain,Urban,East
2026-08-25 14:00:00,Bodija,819,1.1062176739212966,Clear,Urban,West
2026-08-25 14:00:00,Ojoo,1111,1.102517264917843,Clear,Urban,North
2026-08-25 14:00:00,Mokola,1189,1.3565815492578996,Rain,Junction,South
2026-08-25 15:00:00,Challenge,566,1.3307796100336442,Rain,Urban,Central
2026-08-25 15:00:00,Iwo Road,756,1.2400057909922542,Clear,Urban,East
2026-08-25 15:00:00,Bodija,423,1.178445722850075,Clear,Urban,West
2026-08-25 15:00:00,Ojoo,921,1.292097666508103,Clear,Urban,North
2026-08-25 15:00:00,Mokola,938,1.0556751211031947,Clear,Urban,South
2026-08-25 16:00:00,Challenge,1508,1.9721259377097717,Clear,Urban,Central
2026-08-25 16:00:00,Iwo Road,2483,1.7841342528625983,Clear,Highway,East
2026-08-25 16:00:00,Bodija,2274,1.993411846366011,Clear,Urban,West
2026-08-25 16:00:00,Ojoo,1795,1.856750197246792,Clear,Junction,North
2026-08-25 16:00:00,Mokola,2370,1.728754613984237,Rain,Highway,South
2026-08-25 17:00:00,Challenge,2109,2.0103243433199025,Clear,Urban,Central
2026-08-25 17:00:00,Iwo Road,1755,2.4927041348283803,Clear,Highway,East
2026-08-25 17:00:00,Bodija,1846,1.7737134868651288,Rain,Urban,West
2026-08-25 17:00:00,Ojoo,2279,1.6292141275860488,Clear,Highway,North
2026-08-25 17:00:00,Mokola,2015,1.7659314142177245,Clear,Highway,South
2026-08-25 18:00:00,Challenge,2210,1.6585049404697259,Clear,Urban,Central
2026-08-25 18:00:00,Iwo Road,1865,2.084271588586649,Clear,Highway,East
2026-08-25 18:00:00,Bodija,1930,1.8850724649316914,Clear,Highway,West
2026-08-25 18:00:00,Ojoo,2356,2.4752630339437687,Clear,Urban,North
2026-08-25 18:00:00,Mokola,2239,2.120634123757773,Clear,Junction,South
2026-08-25 19:00:00,Challenge,2261,1.8079800299211117,Clear,Urban,Central
2026-08-25 19:00:00,Iwo Road,2134,2.366132063829647,Clear,Urban,East
2026-08-25 19:00:00,Bodija,1692,1.7593372969539158,Clear,Urban,West
2026-08-25 19:00:00,Ojoo,1888,2.1434901906616792,Clear,Urban,North
2026-08-25 19:00:00,Mokola,1940,1.788938648506136,Rain,Urban,South
2026-08-25 20:00:00,Challenge,928,1.0780698460160025,Clear,Urban,Central
2026-08-25 20:00:00,Iwo Road,1175,1.0316517157898735,Clear,Highway,East
2026-08-25 20:00:00,Bodija,843,1.3470989560326923,Clear,Highway,West
2026-08-25 20:00:00,Ojoo,441,1.242477414969656,Clear,Urban,North
2026-08-25 20:00:00,Mokola,848,1.3009892363743039,Clear,Urban,South
2026-08-25 21:00:00,Challenge,930,1.1356350453050719,Clear,Highway,Central
2026-08-25 21:00:00,Iwo Road,503,1.2958999789561942,Clear,Urban,East
2026-08-25 21:00:00,Bodija,480,1.2350247088599193,Clear,Urban,West
2026-08-25 21:00:00,Ojoo,970,1.3998542501701774,Clear,Urban,North
2026-08-25 21:00:00,Mokola,1198,1.0809092726968121,Clear,Highway,South
2026-08-25 22:00:00,Challenge,542,1.3225421123174357,Clear,Urban,Central
2026-08-25 22:00:00,Iwo Road,445,1.383617598748563,Clear,Junction,East
2026-08-25 22:00:00,Bodija,858,1.1442990980220837,Clear,Urban,West
2026-08-25 22:00:00,Ojoo,472,1.003525933317789,Clear,Urban,North
2026-08-25 22:00:00,Mokola,728,1.1355744879748104,Rain,Highway,South
2026-08-25 23:00:00,Challenge,1156,1.0784722427751914,Clear,Urban,Central
2026-08-25 23:00:00,Iwo Road,715,1.305458813009288,Clear,Urban,East
2026-08-25 23:00:00,Bodija,469,1.2102744223678024,Rain,Urban,West
2026-08-25 23:00:00,Ojoo,646,1.035427269530032,Clear,Urban,North
2026-08-25 23:00:00,Mokola,821,1.2157517272112572,Rain,Urban,South
2026-08-26 00:00:00,Challenge,680,1.0471915997748102,Rain,Urban,Central
2026-08-26 00:00:00,Iwo Road,1114,1.254182871847556,Clear,Urban,East
2026-08-26 00:00:00,Bodija,591,1.1718981524302667,Clear,Highway,West
2026-08-26 00:00:00,Ojoo,931,1.0514309043187513,Clear,Urban,North
2026-08-26 00:00:00,Mokola,851,1.1372061906002386,Clear,Highway,South
2026-08-26 01:00:00,Challenge,1186,1.091576934455778,Clear,Urban,Central
2026-08-26 01:00:00,Iwo Road,897,1.2026764804025194,Heavy Rain,Urban,East
2026-08-26 01:00:00,Bodija,797,1.159283985647198,Rain,Highway,West
2026-08-26 01:00:00,Ojoo,759,1.1885472440691989,Rain,Urban,North
2026-08-26 01:00:00,Mokola,621,1.0388658727863862,Clear,Urban,South
2026-08-26 02:00:00,Challenge,1153,1.3751308827969533,Clear,Urban,Central
2026-08-26 02:00:00,Iwo Road,696,1.342931129413421,Clear,Urban,East
2026-08-26 02:00:00,Bodija,1114,1.0418551227710502,Rain,Urban,West
2026-08-26 02:00:00,Ojoo,674,1.2424438399411892,Rain,Urban,North
2026-08-26 02:00:00,Mokola,416,1.1729789438420855,Rain,Highway,South
2026-08-26 03:00:00,Challenge,801,1.3014015604429232,Clear,Urban,Central
2026-08-26 03:00:00,Iwo Road,457,1.29078154749324,Heavy Rain,Junction,East
2026-08-26 03:00:00,Bodija,921,1.2958345958712996,Clear,Urban,West
2026-08-26 03:00:00,Ojoo,882,1.0400927512705145,Rain,Urban,North
2026-08-26 03:00:00,Mokola,1004,1.2223361950733993,Clear,Urban,South
2026-08-26 04:00:00,Challenge,571,1.3023671658500549,Clear,Urban,Central
2026-08-26 04:00:00,Iwo Road,540,1.0319574751165443,Rain,Highway,East
2026-08-26 04:00:00,Bodija,1069,1.3371148984455716,Clear,Urban,West
2026-08-26 04:00:00,Ojoo,760,1.0264674886900724,Clear,Highway,North
2026-08-26 04:00:00,Mokola,712,1.3201442614626384,Clear,Urban,South
2026-08-26 05:00:00,Challenge,579,1.2624959572993433,Clear,Urban,Central
2026-08-26 05:00:00,Iwo Road,1019,1.259034235520723,Rain,Highway,East
2026-08-26 05:00:00,Bodija,838,1.002288372616786,Clear,Urban,West
2026-08-26 05:00:00,Ojoo,910,1.1015651698680111,Clear,Urban,North
2026-08-26 05:00:00,Mokola,921,1.1980686368986664,Clear,Urban,South
2026-08-26 06:00:00,Challenge,927,1.3883908766356587,Clear,Highway,Central
2026-08-26 06:00:00,Iwo Road,732,1.1657791740141918,Clear,Junction,East
2026-08-26 06:00:00,Bodija,496,1.2308309770527062,Rain,Urban,West
2026-08-26 06:00:00,Ojoo,454,1.1186869806316164,Clear,Urban,North
2026-08-26 06:00:00,Mokola,492,1.0768167974236016,Rain,Highway,South
2026-08-26 07:00:00,Challenge,1605,2.0326668211687506,Clear,Urban,Central
2026-08-26 07:00:00,Iwo Road,2020,1.8799375345512856,Clear,Urban,East
2026-08-26 07:00:00,Bodija,2206,2.3431826118552714,Clear,Junction,West
2026-08-26 07:00:00,Ojoo,1734,2.499705884717883,Clear,Urban,North
2026-08-26 07:00:00,Mokola,1652,1.768436973339037,Clear,Junction,South
2026-08-26 08:00:00,Challenge,2140,1.9632133532046412,Clear,Urban,Central
2026-08-26 08:00:00,Iwo Road,1727,2.1949002689387678,Clear,Urban,East
2026-08-26 08:00:00,Bodija,1949,1.918515243631173,Rain,Highway,West
2026-08-26 08:00:00,Ojoo,2197,2.4215549723745777,Clear,Urban,North
2026-08-26 08:00:00,Mokola,1969,1.9516456980291617,Rain,Urban,South
2026-08-26 09:00:00,Challenge,2483,2.4304132906059506,Clear,Urban,Central
2026-08-26 09:00:00,Iwo Road,2390,2.2629910616969116,Clear,Urban,East
2026-08-26 09:00:00,Bodija,1825,2.2828962060285445,Clear,Urban,West
2026-08-26 09:00:00,Ojoo,1749,1.8698971660502246,Clear,Highway,North
2026-08-26 09:00:00,Mokola,2166,2.1142275727022417,Clear,Urban,South
2026-08-26 10:00:00,Challenge,1026,1.2458571275739543,Rain,Urban,Central
2026-08-26 10:00:00,Iwo Road,1016,1.3342770348770767,Rain,Urban,East
2026-08-26 10:00:00,Bodija,1076,1.102870854409771,Clear,Urban,West
2026-08-26 10:00:00,Ojoo,1003,1.218608983132967,Clear,Urban,North
2026-08-26 10:00:00,Mokola,734,1.0562339324995589,Rain,Urban,South
2026-08-26 11:00:00,Challenge,545,1.142793476856045,Clear,Urban,Central
2026-08-26 11:00:00,Iwo Road,577,1.158101639907567,Clear,Urban,East
2026-08-26 11:00:00,Bodija,653,1.2681662058635825,Rain,Urban,West
2026-08-26 11:00:00,Ojoo,958,1.3581585070573772,Clear,Urban,North
2026-08-26 11:00:00,Mokola,512,1.193789123613277,Clear,Urban,South
2026-08-26 12:00:00,Challenge,592,1.1863775803719938,Clear,Urban,Central
2026-08-26 12:00:00,Iwo Road,1083,1.1091668641297485,Clear,Urban,East
2026-08-26 12:00:00,Bodija,1083,1.0342516922914142,Clear,Urban,West
2026-08-26 12:00:00,Ojoo,1197,1.1018507466611582,Rain,Urban,North
2026-08-26 12:00:00,Mokola,1098,1.3548674753178362,Clear,Highway,South
2026-08-26 13:00:00,Challenge,504,1.1473498030338936,Clear,Highway,Central
2026-08-26 13:00:00,Iwo Road,720,1.309097657818565,Clear,Urban,East
2026-08-26 13:00:00,Bodija,1084,1.0533524946550972,Clear,Urban,West
2026-08-26 13:00:00,Ojoo,781,1.2397516889044407,Rain,Highway,North
2026-08-26 13:00:00,Mokola,1191,1.0432603024094662,Clear,Urban,South
2026-08-26 14:00:00,Challenge,524,1.3252420188443375,Clear,Highway,Central
2026-08-26 14:00:00,Iwo Road,552,1.0327446023665177,Clear,Urban,East
2026-08-26 14:00:00,Bodija,1024,1.107066703907777,Rain,Urban,West
2026-08-26 14:00:00,Ojoo,617,1.1774861076480958,Rain,Highway,North
2026-08-26 14:00:00,Mokola,738,1.1095370076397035,Clear,Urban,South
2026-08-26 15:00:00,Challenge,818,1.1318168534095527,Clear,Urban,Central
2026-08-26 15:00:00,Iwo Road,1157,1.1568118139214365,Rain,Urban,East
2026-08-26 15:00:00,Bodija,422,1.258669101263962,Heavy Rain,Urban,West
2026-08-26 15:00:00,Ojoo,652,1.1882367263207134,Clear,Urban,North
2026-08-26 15:00:00,Mokola,899,1.2354102725573455,Clear,Highway,South
2026-08-26 16:00:00,Challenge,1567,1.8452928831037263,Rain,Urban,Central
2026-08-26 16:00:00,Iwo Road,2324,2.472385482942403,Clear,Urban,East
2026-08-26 16:00:00,Bodija,2470,2.0790975423283924,Clear,Urban,West
2026-08-26 16:00:00,Ojoo,1835,2.020129815403652,Rain,Junction,North
2026-08-26 16:00:00,Mokola,1639,2.1125606824099794,Rain,Junction,South
2026-08-26 17:00:00,Challenge,2363,2.4419909855605892,Rain,Highway,Central
2026-08-26 17:00:00,Iwo Road,1648,1.7843213724452502,Clear,Urban,East
2026-08-26 17:00:00,Bodija,1520,2.3999958466754494,Clear,Urban,West
2026-08-26 17:00:00,Ojoo,1575,2.003148175459448,Rain,Urban,North
2026-08-26 17:00:00,Mokola,2067,2.2681784606842585,Rain,Junction,South
2026-08-26 18:00:00,Challenge,1690,1.7460066139868473,Clear,Urban,Central
2026-08-26 18:00:00,Iwo Road,2323,1.928087773079998,Rain,Highway,East
2026-08-26 18:00:00,Bodija,2487,1.794569716483428,Rain,Highway,West
2026-08-26 18:00:00,Ojoo,1979,1.7326174894150648,Clear,Highway,North
2026-08-26 18:00:00,Mokola,1786,2.3688409233917778,Clear,Urban,South
2026-08-26 19:00:00,Challenge,1671,1.9901906108416236,Clear,Urban,Central
2026-08-26 19:00:00,Iwo Road,1952,2.4487439295738582,Clear,Urban,East
2026-08-26 19:00:00,Bodija,2175,1.8269756452851265,Clear,Urban,West
2026-08-26 19:00:00,Ojoo,2363,2.0486630148901512,Clear,Urban,North
2026-08-26 19:00:00,Mokola,2348,1.7878712941587664,Clear,Highway,South
2026-08-26 20:00:00,Challenge,670,1.2489942154824918,Clear,Urban,Central
2026-08-26 20:00:00,Iwo Road,893,1.376160548904874,Clear,Urban,East
2026-08-26 20:00:00,Bodija,1029,1.1094802517954383,Clear,Urban,West
2026-08-26 20:00:00,Ojoo,814,1.3621874768549662,Rain,Urban,North
2026-08-26 20:00:00,Mokola,407,1.1303320079749577,Clear,Urban,South
2026-08-26 21:00:00,Challenge,969,1.1133590778282376,Clear,Urban,Central
2026-08-26 21:00:00,Iwo Road,1019,1.1406539893351395,Clear,Urban,East
2026-08-26 21:00:00,Bodija,597,1.2276174599982665,Clear,Urban,West
2026-08-26 21:00:00,Ojoo,423,1.3764561340583361,Clear,Urban,North
2026-08-26 21:00:00,Mokola,685,1.304555466041979,Heavy Rain,Highway,South
2026-08-26 22:00:00,Challenge,1109,1.310656029749049,Clear,Highway,Central
2026-08-26 22:00:00,Iwo Road,927,1.3991848264382745,Clear,Highway,East
2026-08-26 22:00:00,Bodija,836,1.333944767226558,Clear,Highway,West
2026-08-26 22:00:00,Ojoo,575,1.267173494182297,Clear,Urban,North
2026-08-26 22:00:00,Mokola,1184,1.1708630722804174,Clear,Urban,South
2026-08-26 23:00:00,Challenge,555,1.1653988548253487,Clear,Urban,Central
2026-08-26 23:00:00,Iwo Road,802,1.0041454889388708,Clear,Urban,East
2026-08-26 23:00:00,Bodija,1002,1.2438774277496154,Clear,Urban,West
2026-08-26 23:00:00,Ojoo,1106,1.0124378487772223,Clear,Urban,North
2026-08-26 23:00:00,Mokola,613,1.1849977096049753,Clear,Urban,South
2026-08-27 00:00:00,Challenge,532,1.2353231077522362,Clear,Urban,Central
2026-08-27 00:00:00,Iwo Road,1116,1.3093216160457501,Clear,Urban,East
2026-08-27 00:00:00,Bodija,1101,1.138600354946298,Clear,Junction,West
2026-08-27 00:00:00,Ojoo,632,1.3588154065002738,Rain,Urban,North
2026-08-27 00:00:00,Mokola,557,1.2280951858308191,Clear,Urban,South
2026-08-27 01:00:00,Challenge,980,1.013617802480106,Rain,Urban,Central
2026-08-27 01:00:00,Iwo Road,435,1.3579642570258663,Clear,Urban,East
2026-08-27 01:00:00,Bodija,837,1.3526177801623727,Clear,Urban,West
2026-08-27 01:00:00,Ojoo,543,1.2253534962664663,Clear,Highway,North
2026-08-27 01:00:00,Mokola,444,1.1745102622558266,Clear,Urban,South
2026-08-27 02:00:00,Challenge,918,1.3045398624811568,Clear,Urban,Central
2026-08-27 02:00:00,Iwo Road,675,1.357040315891016,Clear,Urban,East
2026-08-27 02:00:00,Bodija,969,1.378913729235907,Clear,Urban,West
2026-08-27 02:00:00,Ojoo,1061,1.3618624249635318,Clear,Urban,North
2026-08-27 02:00:00,Mokola,1062,1.1016141593790034,Clear,Urban,South
2026-08-27 03:00:00,Challenge,1046,1.2657377165858856,Clear,Urban,Central
2026-08-27 03:00:00,Iwo Road,431,1.0155583248987305,Clear,Urban,East
2026-08-27 03:00:00,Bodija,541,1.020452655242679,Heavy Rain,Highway,West
2026-08-27 03:00:00,Ojoo,590,1.1893739612934773,Rain,Urban,North
2026-08-27 03:00:00,Mokola,415,1.0234250842081913,Clear,Urban,South
2026-08-27 04:00:00,Challenge,434,1.2408407320509398,Clear,Urban,Central
2026-08-27 04:00:00,Iwo Road,480,1.3088609325972462,Rain,Highway,East
2026-08-27 04:00:00,Bodija,1103,1.0186791271540452,Rain,Urban,West
2026-08-27 04:00:00,Ojoo,458,1.0458559774342828,Rain,Highway,North
2026-08-27 04:00:00,Mokola,511,1.3546256450524607,Clear,Highway,South
2026-08-27 05:00:00,Challenge,1089,1.1852472135801801,Clear,Urban,Central
2026-08-27 05:00:00,Iwo Road,554,1.3667499315695277,Rain,Urban,East
2026-08-27 05:00:00,Bodija,927,1.34864673853154,Clear,Junction,West
2026-08-27 05:00:00,Ojoo,594,1.1751723055389482,Rain,Urban,North
2026-08-27 05:00:00,Mokola,1076,1.1571043675698878,Clear,Urban,South
2026-08-27 06:00:00,Challenge,1090,1.2614542090870915,Clear,Highway,Central
2026-08-27 06:00:00,Iwo Road,874,1.3688370614289327,Rain,Urban,East
2026-08-27 06:00:00,Bodija,646,1.144346640792055,Clear,Highway,West
2026-08-27 06:00:00,Ojoo,786,1.097637828997041,Clear,Urban,North
2026-08-27 06:00:00,Mokola,848,1.1397940729232403,Rain,Junction,South
2026-08-27 07:00:00,Challenge,2305,1.658621051299565,Clear,Highway,Central
2026-08-27 07:00:00,Iwo Road,1967,2.005111845371715,Clear,Urban,East
2026-08-27 07:00:00,Bodija,2127,2.3816163210527233,Clear,Urban,West
2026-08-27 07:00:00,Ojoo,1893,2.14456433666269,Clear,Urban,North
2026-08-27 07:00:00,Mokola,1715,1.8819914232191126,Clear,Urban,South
2026-08-27 08:00:00,Challenge,1786,1.9661911563622039,Clear,Highway,Central
2026-08-27 08:00:00,Iwo Road,1594,2.491535482189591,Clear,Urban,East
2026-08-27 08:00:00,Bodija,1714,2.2872687239924208,Clear,Urban,West
2026-08-27 08:00:00,Ojoo,1608,2.394819756094712,Heavy Rain,Urban,North
2026-08-27 08:00:00,Mokola,1668,1.9790722418428517,Rain,Urban,South
2026-08-27 09:00:00,Challenge,1760,2.039835551552442,Rain,Urban,Central
2026-08-27 09:00:00,Iwo Road,1509,1.7076673955644635,Clear,Highway,East
2026-08-27 09:00:00,Bodija,1924,2.2079100562209257,Clear,Urban,West
2026-08-27 09:00:00,Ojoo,1828,1.9381352248422434,Rain,Urban,North
2026-08-27 09:00:00,Mokola,1834,2.286281600848618,Clear,Urban,South
2026-08-27 10:00:00,Challenge,661,1.3325296285140997,Clear,Highway,Central
2026-08-27 10:00:00,Iwo Road,851,1.27369148435521,Clear,Urban,East
2026-08-27 10:00:00,Bodija,1035,1.2509502017741447,Heavy Rain,Urban,West
2026-08-27 10:00:00,Ojoo,616,1.2539344623916868,Rain,Urban,North
2026-08-27 10:00:00,Mokola,831,1.3559863474986726,Rain,Urban,South
2026-08-27 11:00:00,Challenge,788,1.089558893322274,Clear,Urban,Central
2026-08-27 11:00:00,Iwo Road,551,1.2821425345421682,Clear,Urban,East
2026-08-27 11:00:00,Bodija,478,1.3447095359157417,Clear,Urban,West
2026-08-27 11:00:00,Ojoo,950,1.208953322170694,Clear,Urban,North
2026-08-27 11:00:00,Mokola,591,1.169477260799857,Clear,Junction,South
2026-08-27 12:00:00,Challenge,1134,1.0570400215318763,Clear,Urban,Central
2026-08-27 12:00:00,Iwo Road,943,1.134547484753484,Clear,Highway,East
2026-08-27 12:00:00,Bodija,732,1.2745488931090572,Clear,Urban,West
2026-08-27 12:00:00,Ojoo,515,1.08619279311423,Heavy Rain,Urban,North
2026-08-27 12:00:00,Mokola,1116,1.0891897952039928,Clear,Junction,South
2026-08-27 13:00:00,Challenge,555,1.1257906543466043,Rain,Urban,Central
2026-08-27 13:00:00,Iwo Road,619,1.1052206056047749,Clear,Urban,East
2026-08-27 13:00:00,Bodija,531,1.1610929479467864,Clear,Urban,West
2026-08-27 13:00:00,Ojoo,572,1.3772937133387875,Clear,Urban,North
2026-08-27 13:00:00,Mokola,1096,1.1662814313139716,Rain,Urban,South
2026-08-27 14:00:00,Challenge,731,1.3860562802950742,Clear,Highway,Central
2026-08-27 14:00:00,Iwo Road,677,1.3997340491324461,Clear,Urban,East
2026-08-27 14:00:00,Bodija,1054,1.136366563676836,Clear,Urban,West
2026-08-27 14:00:00,Ojoo,573,1.3795743500006015,Clear,Urban,North
2026-08-27 14:00:00,Mokola,678,1.0168179184303778,Clear,Urban,South
2026-08-27 15:00:00,Challenge,1155,1.069643699013294,Clear,Urban,Central
2026-08-27 15:00:00,Iwo Road,684,1.2837295411103868,Rain,Urban,East
2026-08-27 15:00:00,Bodija,927,1.0864931577563965,Clear,Urban,West
2026-08-27 15:00:00,Ojoo,777,1.134669533701477,Clear,Urban,North
2026-08-27 15:00:00,Mokola,1120,1.3885607394434585,Clear,Junction,South
2026-08-27 16:00:00,Challenge,1533,1.9150943238561073,Clear,Urban,Central
2026-08-27 16:00:00,Iwo Road,2119,2.055734506190631,Clear,Urban,East
2026-08-27 16:00:00,Bodija,1525,2.006825716118217,Clear,Highway,West
2026-08-27 16:00:00,Ojoo,1511,2.005561082597352,Clear,Urban,North
2026-08-27 16:00:00,Mokola,1838,1.709589739839609,Rain,Urban,South
2026-08-27 17:00:00,Challenge,1682,2.25172238094937,Rain,Urban,Central
2026-08-27 17:00:00,Iwo Road,2066,2.072127021166172,Clear,Urban,East
2026-08-27 17:00:00,Bodija,2351,1.7100598490625396,Rain,Urban,West
2026-08-27 17:00:00,Ojoo,2158,1.710555980971394,Clear,Highway,North
2026-08-27 17:00:00,Mokola,1798,1.8370632507602602,Clear,Urban,South
2026-08-27 18:00:00,Challenge,2282,2.3992079614023742,Rain,Urban,Central
2026-08-27 18:00:00,Iwo Road,1708,1.6783302085823988,Clear,Urban,East
2026-08-27 18:00:00,Bodija,2302,1.71501413943204,Rain,Urban,West
2026-08-27 18:00:00,Ojoo,1873,2.329919520363004,Clear,Urban,North
2026-08-27 18:00:00,Mokola,2402,1.9199138666957247,Clear,Urban,South
2026-08-27 19:00:00,Challenge,1882,1.972780498874179,Clear,Urban,Central
2026-08-27 19:00:00,Iwo Road,2163,2.0755169102961126,Heavy Rain,Urban,East
2026-08-27 19:00:00,Bodija,1770,1.8648895698081125,Rain,Urban,West
2026-08-27 19:00:00,Ojoo,2413,1.7359819428448473,Clear,Urban,North
2026-08-27 19:00:00,Mokola,2448,1.9465371140563705,Rain,Junction,South
2026-08-27 20:00:00,Challenge,561,1.281322122745351,Rain,Urban,Central
2026-08-27 20:00:00,Iwo Road,642,1.0668400351062535,Clear,Urban,East
2026-08-27 20:00:00,Bodija,789,1.342204470154603,Rain,Urban,West
2026-08-27 20:00:00,Ojoo,485,1.3143128601575016,Clear,Highway,North
2026-08-27 20:00:00,Mokola,814,1.117342431997595,Rain,Highway,South
2026-08-27 21:00:00,Challenge,1063,1.0199689942653516,Clear,Highway,Central
2026-08-27 21:00:00,Iwo Road,865,1.1942264809133716,Clear,Urban,East
2026-08-27 21:00:00,Bodija,417,1.1126297143422121,Clear,Highway,West
2026-08-27 21:00:00,Ojoo,1109,1.1278592110350498,Clear,Urban,North
2026-08-27 21:00:00,Mokola,875,1.1926799352049364,Clear,Junction,South
2026-08-27 22:00:00,Challenge,517,1.2018569750636225,Rain,Urban,Central
2026-08-27 22:00:00,Iwo Road,473,1.040067730494932,Clear,Urban,East
2026-08-27 22:00:00,Bodija,1163,1.1144744986736534,Clear,Urban,West
2026-08-27 22:00:00,Ojoo,572,1.0295852749083825,Clear,Urban,North
2026-08-27 22:00:00,Mokola,961,1.0217464713760736,Clear,Urban,South
2026-08-27 23:00:00,Challenge,632,1.1195212256333098,Rain,Junction,Central
2026-08-27 23:00:00,Iwo Road,1162,1.3655185037706514,Clear,Highway,East
2026-08-27 23:00:00,Bodija,1013,1.2297081521028348,Rain,Urban,West
2026-08-27 23:00:00,Ojoo,908,1.0113935242197085,Rain,Urban,North
2026-08-27 23:00:00,Mokola,584,1.3621957909965303,Clear,Urban,South
2026-08-28 00:00:00,Challenge,586,1.246753628786558,Clear,Urban,Central
2026-08-28 00:00:00,Iwo Road,817,1.0947192138384474,Clear,Urban,East
2026-08-28 00:00:00,Bodija,1192,1.0473587365710617,Rain,Highway,West
2026-08-28 00:00:00,Ojoo,1101,1.2613955728232988,Clear,Urban,North
2026-08-28 00:00:00,Mokola,731,1.345906796836879,Rain,Highway,South
2026-08-28 01:00:00,Challenge,428,1.185706568114376,Rain,Junction,Central
2026-08-28 01:00:00,Iwo Road,1074,1.1982036709322552,Clear,Urban,East
2026-08-28 01:00:00,Bodija,798,1.1331082184196721,Clear,Urban,West
2026-08-28 01:00:00,Ojoo,806,1.10235315441791,Clear,Highway,North
2026-08-28 01:00:00,Mokola,555,1.275825764420786,Clear,Urban,South
2026-08-28 02:00:00,Challenge,496,1.2608239503978498,Clear,Urban,Central
2026-08-28 02:00:00,Iwo Road,1115,1.048432519296585,Rain,Urban,East
2026-08-28 02:00:00,Bodija,579,1.2277730732379417,Clear,Highway,West
2026-08-28 02:00:00,Ojoo,686,1.2247402612181193,Clear,Highway,North
2026-08-28 02:00:00,Mokola,886,1.0835348081807936,Clear,Urban,South
2026-08-28 03:00:00,Challenge,420,1.3220992347853753,Clear,Urban,Central
2026-08-28 03:00:00,Iwo Road,936,1.2856217322621828,Clear,Urban,East
2026-08-28 03:00:00,Bodija,1122,1.2366632262094681,Clear,Junction,West
2026-08-28 03:00:00,Ojoo,567,1.0658618753024118,Clear,Highway,North
2026-08-28 03:00:00,Mokola,703,1.3547282669374086,Clear,Highway,South
2026-08-28 04:00:00,Challenge,1199,1.2947000883652908,Clear,Urban,Central
2026-08-28 04:00:00,Iwo Road,1104,1.3470576131647998,Clear,Highway,East
2026-08-28 04:00:00,Bodija,465,1.20369810020115,Clear,Highway,West
2026-08-28 04:00:00,Ojoo,1148,1.3474025882741563,Clear,Urban,North
2026-08-28 04:00:00,Mokola,544,1.2826734782820495,Rain,Junction,South
2026-08-28 05:00:00,Challenge,762,1.003339895005508,Clear,Urban,Central
2026-08-28 05:00:00,Iwo Road,703,1.0073071926438706,Rain,Highway,East
2026-08-28 05:00:00,Bodija,575,1.0640384550629778,Clear,Urban,West
2026-08-28 05:00:00,Ojoo,924,1.224646463916582,Clear,Urban,North
2026-08-28 05:00:00,Mokola,628,1.348324169910247,Rain,Urban,South
2026-08-28 06:00:00,Challenge,719,1.09137451839915,Clear,Urban,Central
2026-08-28 06:00:00,Iwo Road,755,1.3967988036059404,Clear,Urban,East
2026-08-28 06:00:00,Bodija,922,1.1907180895601532,Clear,Urban,West
2026-08-28 06:00:00,Ojoo,1131,1.1454510995084628,Clear,Junction,North
2026-08-28 06:00:00,Mokola,659,1.2311798963391372,Clear,Highway,South
2026-08-28 07:00:00,Challenge,1983,2.2320687576741016,Heavy Rain,Urban,Central
2026-08-28 07:00:00,Iwo Road,1801,1.7745350382526124,Clear,Urban,East
2026-08-28 07:00:00,Bodija,2333,1.799795540517078,Clear,Urban,West
2026-08-28 07:00:00,Ojoo,2443,1.8785978524623856,Rain,Urban,North
2026-08-28 07:00:00,Mokola,2047,2.4185655848005476,Clear,Urban,South
2026-08-28 08:00:00,Challenge,2314,1.9057430894524758,Rain,Highway,Central
2026-08-28 08:00:00,Iwo Road,2178,1.7791159228134885,Rain,Urban,East
2026-08-28 08:00:00,Bodija,1901,2.427577566021549,Clear,Highway,West
2026-08-28 08:00:00,Ojoo,2018,2.17062735334453,Rain,Urban,North
2026-08-28 08:00:00,Mokola,2499,1.611061595040104,Clear,Urban,South
2026-08-28 09:00:00,Challenge,2346,2.0740730671870415,Clear,Urban,Central
2026-08-28 09:00:00,Iwo Road,1514,2.3326614586480128,Clear,Junction,East
2026-08-28 09:00:00,Bodija,1978,1.9285031460253466,Clear,Junction,West
2026-08-28 09:00:00,Ojoo,2191,2.1071234264315666,Clear,Urban,North
2026-08-28 09:00:00,Mokola,2487,2.313621226794983,Clear,Urban,South
2026-08-28 10:00:00,Challenge,656,1.005932064972683,Rain,Junction,Central
2026-08-28 10:00:00,Iwo Road,431,1.3954702172583175,Clear,Urban,East
2026-08-28 10:00:00,Bodija,684,1.2514980903312283,Clear,Junction,West
2026-08-28 10:00:00,Ojoo,466,1.18966406980725,Clear,Highway,North
2026-08-28 10:00:00,Mokola,678,1.3747095798092006,Rain,Urban,South
2026-08-28 11:00:00,Challenge,736,1.0553770537862162,Clear,Urban,Central
2026-08-28 11:00:00,Iwo Road,659,1.0678893758991492,Clear,Urban,East
2026-08-28 11:00:00,Bodija,870,1.3833801425809833,Heavy Rain,Urban,West
2026-08-28 11:00:00,Ojoo,505,1.1591829109183076,Clear,Highway,North
2026-08-28 11:00:00,Mokola,1103,1.0257294788933142,Rain,Urban,South
2026-08-28 12:00:00,Challenge,1052,1.026811231615009,Rain,Urban,Central
2026-08-28 12:00:00,Iwo Road,937,1.2767524184734997,Clear,Urban,East
2026-08-28 12:00:00,Bodija,1036,1.1669824284374966,Clear,Urban,West
2026-08-28 12:00:00,Ojoo,987,1.2921992584403672,Clear,Highway,North
2026-08-28 12:00:00,Mokola,603,1.3426287609437342,Clear,Urban,South
2026-08-28 13:00:00,Challenge,461,1.3659727607081185,Heavy Rain,Urban,Central
2026-08-28 13:00:00,Iwo Road,447,1.2268319882294123,Clear,Urban,East
2026-08-28 13:00:00,Bodija,486,1.1272442969633267,Clear,Highway,West
2026-08-28 13:00:00,Ojoo,796,1.3483567161871224,Clear,Highway,North
2026-08-28 13:00:00,Mokola,710,1.0954858735740254,Clear,Urban,South
2026-08-28 14:00:00,Challenge,807,1.0650513185262869,Clear,Highway,Central
2026-08-28 14:00:00,Iwo Road,755,1.2071628642561143,Clear,Urban,East
2026-08-28 14:00:00,Bodija,1193,1.0363352724245656,Clear,Urban,West
2026-08-28 14:00:00,Ojoo,900,1.300548708214201,Clear,Highway,North
2026-08-28 14:00:00,Mokola,1098,1.1089785764435327,Clear,Urban,South
2026-08-28 15:00:00,Challenge,865,1.273553589378508,Clear,Highway,Central
2026-08-28 15:00:00,Iwo Road,964,1.3328903134015622,Rain,Urban,East
2026-08-28 15:00:00,Bodija,707,1.2819881335228822,Clear,Highway,West
2026-08-28 15:00:00,Ojoo,724,1.338862982801243,Clear,Highway,North
2026-08-28 15:00:00,Mokola,591,1.317228813329383,Clear,Urban,South
2026-08-28 16:00:00,Challenge,1715,1.831966055180367,Rain,Highway,Central
2026-08-28 16:00:00,Iwo Road,1949,2.3859195511671887,Clear,Urban,East
2026-08-28 16:00:00,Bodija,1644,2.3745440413147385,Clear,Junction,West
2026-08-28 16:00:00,Ojoo,2168,2.3267522726024406,Clear,Highway,North
2026-08-28 16:00:00,Mokola,1722,2.0789417364863523,Clear,Urban,South
2026-08-28 17:00:00,Challenge,2423,2.4710202220687068,Clear,Urban,Central
2026-08-28 17:00:00,Iwo Road,1687,2.4521120550534583,Clear,Highway,East
2026-08-28 17:00:00,Bodija,2459,2.2369323665947154,Clear,Highway,West
2026-08-28 17:00:00,Ojoo,2017,2.3863017900861982,Clear,Junction,North
2026-08-28 17:00:00,Mokola,2420,2.08687525532302,Rain,Urban,South
2026-08-28 18:00:00,Challenge,2204,2.2963114118313257,Clear,Junction,Central
2026-08-28 18:00:00,Iwo Road,2250,2.4139391502948935,Clear,Urban,East
2026-08-28 18:00:00,Bodija,2088,2.463850943258989,Clear,Urban,West
2026-08-28 18:00:00,Ojoo,2285,2.3867640099645584,Clear,Urban,North
2026-08-28 18:00:00,Mokola,1906,2.3530396485251153,Clear,Highway,South
2026-08-28 19:00:00,Challenge,2051,2.234890766585096,Clear,Urban,Central
2026-08-28 19:00:00,Iwo Road,1702,2.0591246877193616,Clear,Highway,East
2026-08-28 19:00:00,Bodija,2362,2.0031022103600167,Clear,Urban,West
2026-08-28 19:00:00,Ojoo,1753,1.6271452343561552,Heavy Rain,Urban,North
2026-08-28 19:00:00,Mokola,1985,2.0891895231844977,Clear,Urban,South
2026-08-28 20:00:00,Challenge,495,1.0835361665691168,Clear,Urban,Central
2026-08-28 20:00:00,Iwo Road,438,1.3377622449168263,Clear,Urban,East
2026-08-28 20:00:00,Bodija,954,1.1584097385209384,Heavy Rain,Urban,West
2026-08-28 20:00:00,Ojoo,772,1.0432744779520156,Clear,Urban,North
2026-08-28 20:00:00,Mokola,1101,1.3027979037958621,Clear,Urban,South
2026-08-28 21:00:00,Challenge,843,1.17483123310299,Clear,Urban,Central
2026-08-28 21:00:00,Iwo Road,937,1.084965893009286,Clear,Highway,East
2026-08-28 21:00:00,Bodija,514,1.372224810814229,Clear,Urban,West
2026-08-28 21:00:00,Ojoo,609,1.224609839509258,Clear,Junction,North
2026-08-28 21:00:00,Mokola,1026,1.0983591734105924,Clear,Junction,South
2026-08-28 22:00:00,Challenge,515,1.075742491072266,Clear,Highway,Central
2026-08-28 22:00:00,Iwo Road,439,1.0129501509097631,Clear,Urban,East
2026-08-28 22:00:00,Bodija,781,1.0844153320834462,Clear,Urban,West
2026-08-28 22:00:00,Ojoo,560,1.22647439372695,Clear,Urban,North
2026-08-28 22:00:00,Mokola,1176,1.2536760307684762,Rain,Urban,South
2026-08-28 23:00:00,Challenge,946,1.2465917434164977,Clear,Highway,Central
2026-08-28 23:00:00,Iwo Road,1113,1.3599805615625704,Clear,Urban,East
2026-08-28 23:00:00,Bodija,929,1.104790225711407,Heavy Rain,Urban,West
2026-08-28 23:00:00,Ojoo,990,1.3390259185113977,Rain,Urban,North
2026-08-28 23:00:00,Mokola,740,1.3872912203846974,Heavy Rain,Urban,South
2026-08-29 00:00:00,Challenge,499,1.1070047429415466,Rain,Junction,Central
2026-08-29 00:00:00,Iwo Road,729,1.18921405003348,Rain,Urban,East
2026-08-29 00:00:00,Bodija,522,1.35105554863511,Clear,Urban,West
2026-08-29 00:00:00,Ojoo,624,1.389576233429303,Clear,Junction,North
2026-08-29 00:00:00,Mokola,762,1.3956297861894817,Clear,Urban,South
2026-08-29 01:00:00,Challenge,421,1.1090124676160826,Clear,Highway,Central
2026-08-29 01:00:00,Iwo Road,1034,1.334296898089861,Clear,Highway,East
2026-08-29 01:00:00,Bodija,700,1.0410338241324084,Rain,Urban,West
2026-08-29 01:00:00,Ojoo,793,1.1808730741446776,Rain,Urban,North
2026-08-29 01:00:00,Mokola,530,1.2593990390188816,Clear,Highway,South
2026-08-29 02:00:00,Challenge,928,1.2946889706005584,Clear,Urban,Central
2026-08-29 02:00:00,Iwo Road,534,1.0552110435751587,Clear,Urban,East
2026-08-29 02:00:00,Bodija,1195,1.0054639533741168,Clear,Urban,West
2026-08-29 02:00:00,Ojoo,641,1.23349290006405,Clear,Junction,North
2026-08-29 02:00:00,Mokola,669,1.0924703532549578,Clear,Urban,South
2026-08-29 03:00:00,Challenge,1119,1.0005471937454147,Clear,Urban,Central
2026-08-29 03:00:00,Iwo Road,833,1.146020511016722,Rain,Highway,East
2026-08-29 03:00:00,Bodija,959,1.3350077261459095,Clear,Urban,West
2026-08-29 03:00:00,Ojoo,617,1.2422117099565089,Clear,Highway,North
2026-08-29 03:00:00,Mokola,787,1.3386619654009175,Clear,Urban,South
2026-08-29 04:00:00,Challenge,692,1.0290728623363243,Clear,Urban,Central
2026-08-29 04:00:00,Iwo Road,944,1.3283129796691615,Clear,Junction,East
2026-08-29 04:00:00,Bodija,584,1.0933581806913626,Rain,Urban,West
2026-08-29 04:00:00,Ojoo,1115,1.3408043397953504,Rain,Urban,North
2026-08-29 04:00:00,Mokola,1039,1.3696327736363054,Heavy Rain,Urban,South
2026-08-29 05:00:00,Challenge,1148,1.0521813948709444,Rain,Highway,Central
2026-08-29 05:00:00,Iwo Road,646,1.344726070458363,Rain,Urban,East
2026-08-29 05:00:00,Bodija,706,1.0930378547855402,Clear,Urban,West
2026-08-29 05:00:00,Ojoo,914,1.2085954486823558,Rain,Urban,North
2026-08-29 05:00:00,Mokola,961,1.0019889941289397,Clear,Urban,South
2026-08-29 06:00:00,Challenge,437,1.0301088964014415,Clear,Highway,Central
2026-08-29 06:00:00,Iwo Road,1101,1.1344433956884572,Clear,Urban,East
2026-08-29 06:00:00,Bodija,715,1.0329411961347033,Clear,Urban,West
2026-08-29 06:00:00,Ojoo,872,1.0703239533642361,Clear,Highway,North
2026-08-29 06:00:00,Mokola,538,1.3874455261383716,Rain,Urban,South
2026-08-29 07:00:00,Challenge,2028,2.2860566757085516,Clear,Junction,Central
2026-08-29 07:00:00,Iwo Road,1515,2.3700423643486253,Rain,Highway,East
2026-08-29 07:00:00,Bodija,1626,2.0596419582505283,Clear,Urban,West
2026-08-29 07:00:00,Ojoo,2382,2.473068957019001,Clear,Urban,North
2026-08-29 07:00:00,Mokola,2114,1.9372758245584842,Clear,Urban,South
2026-08-29 08:00:00,Challenge,1777,1.8830914878430218,Clear,Urban,Central
2026-08-29 08:00:00,Iwo Road,1927,2.491214095678586,Clear,Urban,East
2026-08-29 08:00:00,Bodija,1726,1.6897867036343204,Rain,Urban,West
2026-08-29 08:00:00,Ojoo,1820,1.7517432952442882,Rain,Urban,North
2026-08-29 08:00:00,Mokola,1777,2.4316310431872292,Clear,Junction,South
2026-08-29 09:00:00,Challenge,2255,1.6367983877416026,Clear,Urban,Central
2026-08-29 09:00:00,Iwo Road,1570,2.1413239907930866,Clear,Urban,East
2026-08-29 09:00:00,Bodija,1550,1.794386748156553,Clear,Urban,West
2026-08-29 09:00:00,Ojoo,2487,1.8626408688165705,Rain,Urban,North
2026-08-29 09:00:00,Mokola,1684,1.9050847804043538,Clear,Urban,South
2026-08-29 10:00:00,Challenge,601,1.1641350377343083,Heavy Rain,Urban,Central
2026-08-29 10:00:00,Iwo Road,978,1.3927509185410423,Clear,Urban,East
2026-08-29 10:00:00,Bodija,1058,1.3817458462206016,Clear,Urban,West
2026-08-29 10:00:00,Ojoo,813,1.1378007420569847,Clear,Junction,North
2026-08-29 10:00:00,Mokola,483,1.1311798273285945,Clear,Urban,South
2026-08-29 11:00:00,Challenge,777,1.245792403281193,Clear,Urban,Central
2026-08-29 11:00:00,Iwo Road,941,1.1500217547542144,Clear,Highway,East
2026-08-29 11:00:00,Bodija,934,1.075269858421167,Clear,Junction,West
2026-08-29 11:00:00,Ojoo,936,1.3864388256351639,Rain,Highway,North
2026-08-29 11:00:00,Mokola,623,1.0272950732412163,Clear,Urban,South
2026-08-29 12:00:00,Challenge,742,1.3648257811505555,Clear,Urban,Central
2026-08-29 12:00:00,Iwo Road,451,1.0514347251725094,Clear,Highway,East
2026-08-29 12:00:00,Bodija,514,1.0422302568877853,Clear,Urban,West
2026-08-29 12:00:00,Ojoo,822,1.0800065045063305,Heavy Rain,Urban,North
2026-08-29 12:00:00,Mokola,610,1.3781465490517548,Rain,Highway,South
2026-08-29 13:00:00,Challenge,1071,1.0480362826286205,Clear,Highway,Central
2026-08-29 13:00:00,Iwo Road,641,1.2624598858012661,Rain,Urban,East
2026-08-29 13:00:00,Bodija,441,1.3820113049063703,Clear,Urban,West
2026-08-29 13:00:00,Ojoo,687,1.3160863046207776,Clear,Urban,North
2026-08-29 13:00:00,Mokola,730,1.1349318124413659,Clear,Highway,South
2026-08-29 14:00:00,Challenge,1111,1.1989524577637105,Clear,Urban,Central
2026-08-29 14:00:00,Iwo Road,1144,1.1126215450912782,Rain,Highway,East
2026-08-29 14:00:00,Bodija,740,1.2271746107482921,Clear,Junction,West
2026-08-29 14:00:00,Ojoo,873,1.0255692656767754,Clear,Urban,North
2026-08-29 14:00:00,Mokola,894,1.1251782469393434,Clear,Urban,South
2026-08-29 15:00:00,Challenge,661,1.2205961181405347,Clear,Highway,Central
2026-08-29 15:00:00,Iwo Road,939,1.3515203832343705,Clear,Urban,East
2026-08-29 15:00:00,Bodija,962,1.3762868318556434,Clear,Urban,West
2026-08-29 15:00:00,Ojoo,1110,1.1527379195693663,Clear,Urban,North
2026-08-29 15:00:00,Mokola,852,1.2142103530782398,Clear,Urban,South
2026-08-29 16:00:00,Challenge,2046,2.1738637914516374,Clear,Urban,Central
2026-08-29 16:00:00,Iwo Road,1962,1.6645394687964394,Clear,Urban,East
2026-08-29 16:00:00,Bodija,1606,1.7083599700131593,Clear,Urban,West
2026-08-29 16:00:00,Ojoo,2215,1.7925655577567159,Heavy Rain,Highway,North
2026-08-29 16:00:00,Mokola,2318,1.6011831700875638,Rain,Urban,South
2026-08-29 17:00:00,Challenge,2157,1.9300004600871699,Heavy Rain,Urban,Central
2026-08-29 17:00:00,Iwo Road,2484,2.1991063626063623,Clear,Urban,East
2026-08-29 17:00:00,Bodija,1509,2.0128914609609336,Clear,Urban,West
2026-08-29 17:00:00,Ojoo,1766,2.1866200930429605,Clear,Highway,North
2026-08-29 17:00:00,Mokola,2256,2.1060542524907704,Clear,Junction,South
2026-08-29 18:00:00,Challenge,2410,1.9380299866089317,Heavy Rain,Urban,Central
2026-08-29 18:00:00,Iwo Road,2240,2.3495641374322984,Clear,Junction,East
2026-08-29 18:00:00,Bodija,1708,2.154665241457706,Clear,Urban,West
2026-08-29 18:00:00,Ojoo,1866,2.498476237343789,Clear,Urban,North
2026-08-29 18:00:00,Mokola,1949,2.3119649291303013,Clear,Urban,South
2026-08-29 19:00:00,Challenge,1677,1.8704740815146463,Clear,Urban,Central
2026-08-29 19:00:00,Iwo Road,1642,2.2569240665613197,Rain,Junction,East
2026-08-29 19:00:00,Bodija,2102,2.2860077106779526,Heavy Rain,Urban,West
2026-08-29 19:00:00,Ojoo,2129,1.9888753415668612,Clear,Urban,North
2026-08-29 19:00:00,Mokola,2274,2.096197494723071,Clear,Urban,South
2026-08-29 20:00:00,Challenge,1098,1.0807752647767463,Rain,Urban,Central
2026-08-29 20:00:00,Iwo Road,645,1.1397790563134513,Clear,Urban,East
2026-08-29 20:00:00,Bodija,1103,1.181964057947137,Rain,Urban,West
2026-08-29 20:00:00,Ojoo,801,1.0879001200667517,Clear,Urban,North
2026-08-29 20:00:00,Mokola,775,1.2281397712035045,Clear,Urban,South
2026-08-29 21:00:00,Challenge,1164,1.3171609113318543,Rain,Urban,Central
2026-08-29 21:00:00,Iwo Road,1137,1.0536953676374974,Clear,Junction,East
2026-08-29 21:00:00,Bodija,739,1.2506500379505647,Rain,Urban,West
2026-08-29 21:00:00,Ojoo,826,1.322685907217891,Clear,Highway,North
2026-08-29 21:00:00,Mokola,657,1.1503037391215851,Heavy Rain,Urban,South
2026-08-29 22:00:00,Challenge,1077,1.0805785926583176,Rain,Urban,Central
2026-08-29 22:00:00,Iwo Road,1069,1.1081736479928752,Clear,Urban,East
2026-08-29 22:00:00,Bodija,1050,1.1730569922416143,Clear,Junction,West
2026-08-29 22:00:00,Ojoo,1094,1.2533213305594684,Rain,Urban,North
2026-08-29 22:00:00,Mokola,733,1.2592672195918173,Clear,Highway,South
2026-08-29 23:00:00,Challenge,1083,1.0050631313936649,Clear,Urban,Central
2026-08-29 23:00:00,Iwo Road,454,1.1323467588182912,Heavy Rain,Urban,East
2026-08-29 23:00:00,Bodija,618,1.1253622245898225,Clear,Urban,West
2026-08-29 23:00:00,Ojoo,644,1.214831816319036,Rain,Highway,North
2026-08-29 23:00:00,Mokola,1084,1.0314734627767592,Clear,Junction,South
2026-08-30 00:00:00,Challenge,1199,1.1185079343817876,Clear,Urban,Central
2026-08-30 00:00:00,Iwo Road,596,1.27194914957887,Clear,Urban,East
2026-08-30 00:00:00,Bodija,1112,1.2101435073894415,Clear,Junction,West
2026-08-30 00:00:00,Ojoo,425,1.212401251897185,Clear,Urban,North
2026-08-30 00:00:00,Mokola,922,1.1175347822487842,Rain,Urban,South
2026-08-30 01:00:00,Challenge,486,1.271273033835627,Rain,Urban,Central
2026-08-30 01:00:00,Iwo Road,685,1.2899157204781742,Clear,Urban,East
2026-08-30 01:00:00,Bodija,1117,1.2638121276119922,Clear,Urban,West
2026-08-30 01:00:00,Ojoo,983,1.0487007990590713,Clear,Urban,North
2026-08-30 01:00:00,Mokola,1180,1.216656603133221,Clear,Highway,South
2026-08-30 02:00:00,Challenge,1151,1.3660307061115224,Rain,Urban,Central
2026-08-30 02:00:00,Iwo Road,658,1.0287557818400053,Clear,Urban,East
2026-08-30 02:00:00,Bodija,786,1.3791668315737988,Clear,Urban,West
2026-08-30 02:00:00,Ojoo,569,1.1563503396143313,Clear,Urban,North
2026-08-30 02:00:00,Mokola,481,1.0125828780984105,Clear,Urban,South
2026-08-30 03:00:00,Challenge,775,1.2230644990489665,Clear,Urban,Central
2026-08-30 03:00:00,Iwo Road,885,1.1540061485422468,Clear,Urban,East
2026-08-30 03:00:00,Bodija,1056,1.2395336058602335,Rain,Urban,West
2026-08-30 03:00:00,Ojoo,426,1.1080019985860057,Clear,Urban,North
2026-08-30 03:00:00,Mokola,744,1.2824489113967428,Heavy Rain,Urban,South
2026-08-30 04:00:00,Challenge,848,1.0541514384044404,Clear,Urban,Central
2026-08-30 04:00:00,Iwo Road,664,1.3762546203224972,Clear,Urban,East
2026-08-30 04:00:00,Bodija,645,1.0159944515191364,Clear,Urban,West
2026-08-30 04:00:00,Ojoo,629,1.1147614195648408,Clear,Urban,North
2026-08-30 04:00:00,Mokola,483,1.2151692125071543,Clear,Urban,South
2026-08-30 05:00:00,Challenge,622,1.3370779776891046,Clear,Urban,Central
2026-08-30 05:00:00,Iwo Road,728,1.161611980131384,Clear,Urban,East
2026-08-30 05:00:00,Bodija,925,1.1381586648254385,Clear,Highway,West
2026-08-30 05:00:00,Ojoo,865,1.0978807380598634,Rain,Urban,North
2026-08-30 05:00:00,Mokola,891,1.0719377787342164,Clear,Urban,South
2026-08-30 06:00:00,Challenge,545,1.0934316332487466,Clear,Highway,Central
2026-08-30 06:00:00,Iwo Road,1177,1.0989378684573377,Clear,Urban,East
2026-08-30 06:00:00,Bodija,566,1.2675600422474471,Clear,Urban,West
2026-08-30 06:00:00,Ojoo,867,1.0429994548437715,Rain,Highway,North
2026-08-30 06:00:00,Mokola,1031,1.0412076777768824,Clear,Highway,South
2026-08-30 07:00:00,Challenge,1793,1.9420066278166768,Rain,Urban,Central
2026-08-30 07:00:00,Iwo Road,2046,1.8649133498638404,Rain,Urban,East
2026-08-30 07:00:00,Bodija,2261,1.8005064677889642,Clear,Urban,West
2026-08-30 07:00:00,Ojoo,1898,1.7893784353673665,Clear,Junction,North
2026-08-30 07:00:00,Mokola,1531,2.156033751783,Rain,Urban,South
2026-08-30 08:00:00,Challenge,1799,2.132375917619836,Clear,Urban,Central
2026-08-30 08:00:00,Iwo Road,1748,2.2260753322388234,Clear,Urban,East
2026-08-30 08:00:00,Bodija,2312,2.3523541998204114,Rain,Highway,West
2026-08-30 08:00:00,Ojoo,2260,1.6978380816653362,Rain,Highway,North
2026-08-30 08:00:00,Mokola,1753,1.726796608513359,Rain,Highway,South
2026-08-30 09:00:00,Challenge,2243,1.6449844435697967,Clear,Urban,Central
2026-08-30 09:00:00,Iwo Road,1802,1.7508528305319666,Clear,Urban,East
2026-08-30 09:00:00,Bodija,1861,2.42435542346111,Rain,Highway,West
2026-08-30 09:00:00,Ojoo,1991,2.24069387670636,Clear,Urban,North
2026-08-30 09:00:00,Mokola,2052,1.7552042202157616,Clear,Highway,South
2026-08-30 10:00:00,Challenge,430,1.37047556857578,Rain,Urban,Central
2026-08-30 10:00:00,Iwo Road,1113,1.1224236792864704,Clear,Urban,East
2026-08-30 10:00:00,Bodija,504,1.1034560946549286,Clear,Urban,West
2026-08-30 10:00:00,Ojoo,903,1.380348881850171,Clear,Highway,North
2026-08-30 10:00:00,Mokola,662,1.2330885903935114,Clear,Highway,South
2026-08-30 11:00:00,Challenge,1056,1.2180956698910475,Clear,Highway,Central
2026-08-30 11:00:00,Iwo Road,734,1.011313971316392,Clear,Highway,East
2026-08-30 11:00:00,Bodija,1030,1.2907274563808946,Rain,Urban,West
2026-08-30 11:00:00,Ojoo,1053,1.3498305906872803,Clear,Urban,North
2026-08-30 11:00:00,Mokola,1196,1.2920781064646218,Clear,Urban,South
2026-08-30 12:00:00,Challenge,623,1.3046699621576734,Clear,Urban,Central
2026-08-30 12:00:00,Iwo Road,528,1.123717225489212,Clear,Urban,East
2026-08-30 12:00:00,Bodija,672,1.2445222068221546,Clear,Urban,West
2026-08-30 12:00:00,Ojoo,876,1.1677559351873557,Clear,Junction,North
2026-08-30 12:00:00,Mokola,1062,1.0825355514328354,Clear,Highway,South
2026-08-30 13:00:00,Challenge,804,1.0544696569446286,Clear,Urban,Central
2026-08-30 13:00:00,Iwo Road,798,1.276539945710465,Clear,Urban,East
2026-08-30 13:00:00,Bodija,1035,1.2084384718320502,Heavy Rain,Highway,West
2026-08-30 13:00:00,Ojoo,517,1.3821656658984385,Clear,Junction,North
2026-08-30 13:00:00,Mokola,1040,1.1102032079727981,Clear,Urban,South
2026-08-30 14:00:00,Challenge,496,1.0232185348074014,Clear,Highway,Central
2026-08-30 14:00:00,Iwo Road,1095,1.0634223873166648,Clear,Urban,East
2026-08-30 14:00:00,Bodija,522,1.1925241514233174,Clear,Urban,West
2026-08-30 14:00:00,Ojoo,513,1.0402342626386496,Clear,Urban,North
2026-08-30 14:00:00,Mokola,594,1.0404604231673715,Rain,Junction,South
2026-08-30 15:00:00,Challenge,448,1.0801281944295285,Clear,Urban,Central
2026-08-30 15:00:00,Iwo Road,1056,1.116575633320851,Rain,Junction,East
2026-08-30 15:00:00,Bodija,1097,1.0595427215799762,Rain,Urban,West
2026-08-30 15:00:00,Ojoo,550,1.3787085925744083,Clear,Urban,North
2026-08-30 15:00:00,Mokola,1167,1.1202364491123673,Clear,Junction,South
2026-08-30 16:00:00,Challenge,2285,2.463747720220006,Clear,Urban,Central
2026-08-30 16:00:00,Iwo Road,1548,2.114475750943133,Clear,Highway,East
2026-08-30 16:00:00,Bodija,1547,2.088496151943824,Heavy Rain,Highway,West
2026-08-30 16:00:00,Ojoo,1658,1.6755122876453783,Clear,Urban,North
2026-08-30 16:00:00,Mokola,2018,2.389163198426311,Clear,Urban,South
2026-08-30 17:00:00,Challenge,2490,2.1090689735136356,Clear,Highway,Central
2026-08-30 17:00:00,Iwo Road,2348,1.7957359184766803,Clear,Junction,East
2026-08-30 17:00:00,Bodija,1808,2.3030051615881124,Clear,Urban,West
2026-08-30 17:00:00,Ojoo,1635,1.906098042852582,Clear,Urban,North
2026-08-30 17:00:00,Mokola,1746,1.9829551595557198,Clear,Urban,South
2026-08-30 18:00:00,Challenge,2172,1.6678194066060028,Heavy Rain,Urban,Central
2026-08-30 18:00:00,Iwo Road,1948,2.416539141533336,Clear,Urban,East
2026-08-30 18:00:00,Bodija,2347,2.279628745104527,Rain,Urban,West
2026-08-30 18:00:00,Ojoo,1527,2.46646652745116,Clear,Urban,North
2026-08-30 18:00:00,Mokola,2020,1.879761539965654,Heavy Rain,Urban,South
2026-08-30 19:00:00,Challenge,1606,2.105504986389602,Clear,Urban,Central
2026-08-30 19:00:00,Iwo Road,2123,1.937536628416189,Clear,Urban,East
2026-08-30 19:00:00,Bodija,1879,1.9557030856502198,Clear,Urban,West
2026-08-30 19:00:00,Ojoo,2026,1.8443357957498727,Clear,Urban,North
2026-08-30 19:00:00,Mokola,2311,1.8551209497199057,Rain,Urban,South
2026-08-30 20:00:00,Challenge,1001,1.314523821084112,Rain,Urban,Central
2026-08-30 20:00:00,Iwo Road,475,1.1169611602906788,Clear,Urban,East
2026-08-30 20:00:00,Bodija,745,1.1999289030994356,Clear,Urban,West
2026-08-30 20:00:00,Ojoo,949,1.3767841950251491,Clear,Urban,North
2026-08-30 20:00:00,Mokola,532,1.17055595790777,Rain,Urban,South
2026-08-30 21:00:00,Challenge,957,1.1762146592493512,Clear,Urban,Central
2026-08-30 21:00:00,Iwo Road,423,1.2259999884727661,Rain,Urban,East
2026-08-30 21:00:00,Bodija,1067,1.135392204147191,Clear,Urban,West
2026-08-30 21:00:00,Ojoo,458,1.248686874081537,Clear,Urban,North
2026-08-30 21:00:00,Mokola,885,1.1130502423805972,Clear,Highway,South
2026-08-30 22:00:00,Challenge,501,1.0826356448690369,Clear,Urban,Central
2026-08-30 22:00:00,Iwo Road,433,1.086370240375583,Rain,Highway,East
2026-08-30 22:00:00,Bodija,1139,1.012528714088864,Clear,Urban,West
2026-08-30 22:00:00,Ojoo,640,1.1683040831105842,Clear,Junction,North
2026-08-30 22:00:00,Mokola,697,1.2278877626133942,Clear,Urban,South
2026-08-30 23:00:00,Challenge,1092,1.011051902323366,Rain,Highway,Central
2026-08-30 23:00:00,Iwo Road,401,1.0948592292946009,Clear,Urban,East
2026-08-30 23:00:00,Bodija,886,1.0950484870241681,Clear,Junction,West
2026-08-30 23:00:00,Ojoo,797,1.0516362646913224,Clear,Urban,North
2026-08-30 23:00:00,Mokola,901,1.0249797422667126,Clear,Highway,South
2026-08-31 00:00:00,Challenge,1197,1.3684633975736467,Clear,Highway,Central
2026-08-31 00:00:00,Iwo Road,650,1.368354463132078,Clear,Junction,East
2026-08-31 00:00:00,Bodija,1091,1.3599099338237304,Clear,Urban,West
2026-08-31 00:00:00,Ojoo,1074,1.3634771065211622,Clear,Highway,North
2026-08-31 00:00:00,Mokola,498,1.368221668551889,Rain,Highway,South
2026-08-31 01:00:00,Challenge,659,1.3959365527822274,Clear,Urban,Central
2026-08-31 01:00:00,Iwo Road,1119,1.0068691962649479,Rain,Urban,East
2026-08-31 01:00:00,Bodija,649,1.0946546962534107,Rain,Urban,West
2026-08-31 01:00:00,Ojoo,872,1.0643748044809673,Clear,Urban,North
2026-08-31 01:00:00,Mokola,580,1.3386576257330711,Clear,Highway,South
2026-08-31 02:00:00,Challenge,952,1.2554957025156952,Rain,Urban,Central
2026-08-31 02:00:00,Iwo Road,462,1.098606529763886,Clear,Urban,East
2026-08-31 02:00:00,Bodija,1057,1.381316958546516,Clear,Urban,West
2026-08-31 02:00:00,Ojoo,997,1.1730297060013402,Clear,Urban,North
2026-08-31 02:00:00,Mokola,966,1.1219738550790643,Clear,Urban,South
2026-08-31 03:00:00,Challenge,896,1.1292981268237887,Clear,Urban,Central
2026-08-31 03:00:00,Iwo Road,884,1.177657680888048,Clear,Urban,East
2026-08-31 03:00:00,Bodija,486,1.2173149902853948,Heavy Rain,Urban,West
2026-08-31 03:00:00,Ojoo,631,1.1704003242009637,Clear,Highway,North
2026-08-31 03:00:00,Mokola,865,1.0600859581867703,Clear,Highway,South
2026-08-31 04:00:00,Challenge,972,1.1629339682013042,Heavy Rain,Urban,Central
2026-08-31 04:00:00,Iwo Road,425,1.1484768944583976,Clear,Urban,East
2026-08-31 04:00:00,Bodija,1034,1.3283413218778652,Clear,Urban,West
2026-08-31 04:00:00,Ojoo,590,1.0615951961109826,Clear,Junction,North
2026-08-31 04:00:00,Mokola,804,1.2405504845772641,Clear,Urban,South
2026-08-31 05:00:00,Challenge,427,1.2026752611233027,Clear,Urban,Central
2026-08-31 05:00:00,Iwo Road,640,1.0724251596463859,Clear,Junction,East
2026-08-31 05:00:00,Bodija,1198,1.39165356700709,Clear,Urban,West
2026-08-31 05:00:00,Ojoo,707,1.1425462373284152,Clear,Urban,North
2026-08-31 05:00:00,Mokola,653,1.2807449707296863,Clear,Highway,South
2026-08-31 06:00:00,Challenge,530,1.0396077691580634,Rain,Urban,Central
2026-08-31 06:00:00,Iwo Road,806,1.0770304389387362,Clear,Highway,East
2026-08-31 06:00:00,Bodija,754,1.3626969490290215,Heavy Rain,Highway,West
2026-08-31 06:00:00,Ojoo,567,1.3909555772832962,Clear,Urban,North
2026-08-31 06:00:00,Mokola,769,1.1205699647194234,Clear,Urban,South
2026-08-31 07:00:00,Challenge,2043,2.1090042641122366,Rain,Highway,Central
2026-08-31 07:00:00,Iwo Road,2318,2.472579287381518,Clear,Urban,East
2026-08-31 07:00:00,Bodija,1848,1.910062605009418,Clear,Urban,West
2026-08-31 07:00:00,Ojoo,1637,2.0698662140236,Clear,Urban,North
2026-08-31 07:00:00,Mokola,2179,2.2163690312610242,Rain,Highway,South
2026-08-31 08:00:00,Challenge,1854,1.6597747640332916,Clear,Highway,Central
2026-08-31 08:00:00,Iwo Road,1730,1.7536745447990425,Rain,Urban,East
2026-08-31 08:00:00,Bodija,1639,1.7822307077272421,Clear,Highway,West
2026-08-31 08:00:00,Ojoo,2489,1.6244566326645293,Clear,Urban,North
2026-08-31 08:00:00,Mokola,2079,2.444035268709306,Clear,Urban,South
2026-08-31 09:00:00,Challenge,2120,2.0151434798370444,Clear,Urban,Central
2026-08-31 09:00:00,Iwo Road,2379,1.6824743846581551,Clear,Urban,East
2026-08-31 09:00:00,Bodija,2011,1.743366483223987,Clear,Urban,West
2026-08-31 09:00:00,Ojoo,2099,1.8365328470976476,Clear,Highway,North
2026-08-31 09:00:00,Mokola,2234,1.6746257686415151,Clear,Urban,South
2026-08-31 10:00:00,Challenge,789,1.0497995593071792,Rain,Highway,Central
2026-08-31 10:00:00,Iwo Road,511,1.1196464526447831,Rain,Urban,East
2026-08-31 10:00:00,Bodija,1152,1.1275193447002205,Clear,Urban,West
2026-08-31 10:00:00,Ojoo,686,1.0234004931498544,Clear,Urban,North
2026-08-31 10:00:00,Mokola,1030,1.1736946786445583,Clear,Urban,South
2026-08-31 11:00:00,Challenge,781,1.1155266902870487,Clear,Urban,Central
2026-08-31 11:00:00,Iwo Road,1094,1.1189202396902558,Clear,Highway,East
2026-08-31 11:00:00,Bodija,933,1.2291020933139418,Rain,Junction,West
2026-08-31 11:00:00,Ojoo,916,1.3396546544644488,Clear,Junction,North
2026-08-31 11:00:00,Mokola,437,1.3945948271718758,Clear,Urban,South
2026-08-31 12:00:00,Challenge,847,1.1587705122495255,Rain,Highway,Central
2026-08-31 12:00:00,Iwo Road,1183,1.398396420378442,Clear,Urban,East
2026-08-31 12:00:00,Bodija,692,1.1425574004793162,Clear,Highway,West
2026-08-31 12:00:00,Ojoo,1102,1.329975391926959,Clear,Junction,North
2026-08-31 12:00:00,Mokola,451,1.0879037256250865,Clear,Junction,South
2026-08-31 13:00:00,Challenge,739,1.2700575417775393,Clear,Highway,Central
2026-08-31 13:00:00,Iwo Road,667,1.0314835668570261,Clear,Urban,East
2026-08-31 13:00:00,Bodija,917,1.3358517550275968,Clear,Urban,West
2026-08-31 13:00:00,Ojoo,1111,1.0474293732163802,Rain,Highway,North
2026-08-31 13:00:00,Mokola,807,1.093630481593646,Clear,Urban,South
2026-08-31 14:00:00,Challenge,795,1.1244821437313233,Rain,Urban,Central
2026-08-31 14:00:00,Iwo Road,941,1.0098654753192042,Clear,Junction,East
2026-08-31 14:00:00,Bodija,896,1.1087718149829948,Clear,Urban,West
2026-08-31 14:00:00,Ojoo,1088,1.0939716772116572,Clear,Highway,North
2026-08-31 14:00:00,Mokola,416,1.1594537339382138,Clear,Urban,South
2026-08-31 15:00:00,Challenge,1036,1.067910775903249,Clear,Urban,Central
2026-08-31 15:00:00,Iwo Road,791,1.1765440314742486,Clear,Urban,East
2026-08-31 15:00:00,Bodija,475,1.3344027998889398,Clear,Junction,West
2026-08-31 15:00:00,Ojoo,878,1.0745655388665307,Clear,Urban,North
2026-08-31 15:00:00,Mokola,599,1.0736786118652946,Clear,Urban,South
2026-08-31 16:00:00,Challenge,1598,1.619295879960802,Clear,Junction,Central
2026-08-31 16:00:00,Iwo Road,2297,1.98914417886066,Clear,Junction,East
2026-08-31 16:00:00,Bodija,2314,2.141177527433234,Clear,Urban,West
2026-08-31 16:00:00,Ojoo,2085,2.1411124521630147,Clear,Junction,North
2026-08-31 16:00:00,Mokola,2433,2.2943949417590357,Clear,Urban,South
2026-08-31 17:00:00,Challenge,2400,2.311149234337855,Rain,Urban,Central
2026-08-31 17:00:00,Iwo Road,1896,1.9640647628036185,Clear,Urban,East
2026-08-31 17:00:00,Bodija,1741,2.4504424408288568,Rain,Urban,West
2026-08-31 17:00:00,Ojoo,1705,1.8914646676712605,Clear,Junction,North
2026-08-31 17:00:00,Mokola,1874,2.354319273044825,Clear,Urban,South
2026-08-31 18:00:00,Challenge,1652,1.792103093193438,Clear,Urban,Central
2026-08-31 18:00:00,Iwo Road,1674,1.8361326267600773,Clear,Highway,East
2026-08-31 18:00:00,Bodija,1720,2.438712415978543,Clear,Urban,West
2026-08-31 18:00:00,Ojoo,2139,2.2727154431335785,Clear,Urban,North
2026-08-31 18:00:00,Mokola,1845,1.692970430031952,Clear,Urban,South
2026-08-31 19:00:00,Challenge,1544,2.2588884302210186,Clear,Urban,Central
2026-08-31 19:00:00,Iwo Road,2470,2.114270253739811,Clear,Urban,East
2026-08-31 19:00:00,Bodija,1790,2.114294786333816,Clear,Urban,West
2026-08-31 19:00:00,Ojoo,2371,2.4648256884022555,Clear,Urban,North
2026-08-31 19:00:00,Mokola,1987,1.6347990056628308,Clear,Urban,South
2026-08-31 20:00:00,Challenge,476,1.3425496392859209,Clear,Urban,Central
2026-08-31 20:00:00,Iwo Road,596,1.0990843887116188,Clear,Highway,East
2026-08-31 20:00:00,Bodija,1176,1.271763423038052,Clear,Urban,West
2026-08-31 20:00:00,Ojoo,418,1.1181127881931798,Clear,Urban,North
2026-08-31 20:00:00,Mokola,557,1.1788246222163294,Rain,Urban,South
2026-08-31 21:00:00,Challenge,736,1.0081363324270405,Clear,Highway,Central
2026-08-31 21:00:00,Iwo Road,1046,1.3164119508047003,Clear,Urban,East
2026-08-31 21:00:00,Bodija,828,1.1424667861257771,Clear,Urban,West
2026-08-31 21:00:00,Ojoo,732,1.2608330731518973,Clear,Highway,North
2026-08-31 21:00:00,Mokola,575,1.1905932831421082,Rain,Urban,South
2026-08-31 22:00:00,Challenge,760,1.247683170011929,Clear,Urban,Central
2026-08-31 22:00:00,Iwo Road,678,1.3879702294263772,Clear,Urban,East
2026-08-31 22:00:00,Bodija,463,1.2119545255920754,Clear,Highway,West
2026-08-31 22:00:00,Ojoo,1162,1.1783861081617621,Clear,Urban,North
2026-08-31 22:00:00,Mokola,895,1.2803118158188946,Clear,Urban,South
2026-08-31 23:00:00,Challenge,750,1.1321430754796244,Clear,Urban,Central
2026-08-31 23:00:00,Iwo Road,892,1.289599949647825,Clear,Urban,East
2026-08-31 23:00:00,Bodija,1143,1.0183408073498805,Clear,Junction,West
2026-08-31 23:00:00,Ojoo,414,1.2438896190089168,Clear,Urban,North
2026-08-31 23:00:00,Mokola,904,1.2776264299423827,Rain,Urban,South
